amount,hour_of_day,txn_count_24h,avg_amount_30d,amount_to_avg_ratio,new_device,geo_distance_km,account_age_days,failed_logins_24h,is_fraud
43.75,10,3,37.84,1.156,0,11.0,772,0,0
75.02,18,6,68.06,1.102,0,16.9,49,0,0
28.95,13,4,29.06,0.996,0,4.1,1202,0,0
1569.05,10,12,111.04,14.13,0,663.8,49,2,1
153.89,7,6,159.27,0.966,0,7.5,798,0,0
115.96,18,4,94.47,1.227,0,12.5,472,0,0
245.63,8,3,256.33,0.958,0,8.1,383,1,0
93.3,12,5,74.28,1.256,0,16.6,1152,0,0
102.08,8,2,128.04,0.797,0,9.3,549,0,0
74.99,13,1,76.29,0.983,0,15.4,654,1,0
8.09,6,2,10.0,0.809,0,7.3,792,0,0
2477.06,18,9,208.41,11.886,0,1025.1,139,4,1
124.75,15,2,96.38,1.294,0,5.8,413,0,0
40.83,13,2,41.03,0.995,0,13.8,162,0,0
1266.96,0,12,63.18,20.054,1,989.9,12,2,1
29.33,14,2,34.61,0.847,0,10.7,1493,0,0
212.62,14,3,228.02,0.932,0,3.1,368,1,0
267.69,0,5,304.57,0.879,0,43.7,493,0,0
175.32,13,2,118.81,1.476,0,10.5,812,0,0
99.04,17,4,87.25,1.135,0,22.7,161,0,0
14.77,9,1,15.0,0.985,0,15.7,227,0,0
122.06,12,5,152.56,0.8,0,12.4,208,0,0
231.88,10,4,305.94,0.758,1,5.1,221,1,0
57.91,0,1,70.33,0.823,0,60.1,1347,0,0
85.59,16,3,84.61,1.012,0,48.0,201,0,0
5.69,19,3,10.0,0.569,1,10.1,245,0,0
547.7,4,5,162.65,3.367,0,955.5,39,2,1
158.32,15,6,153.82,1.029,0,0.7,314,0,0
5.95,22,4,10.0,0.595,0,1.9,456,0,0
47.2,10,5,42.45,1.112,0,40.8,946,0,0
36.03,13,4,40.94,0.88,0,34.7,158,0,0
43.01,21,3,50.8,0.847,0,27.5,1426,0,0
1111.2,5,7,932.02,1.192,1,612.8,7,5,1
77.7,16,4,87.03,0.893,1,4.3,658,0,0
47.29,13,3,45.53,1.039,0,33.1,933,0,0
29.5,8,2,39.52,0.746,0,5.5,795,0,0
224.07,16,5,223.17,1.004,0,4.7,494,0,0
159.61,20,5,138.09,1.156,0,5.0,798,0,0
49.03,11,3,51.92,0.944,0,0.3,1359,0,0
993.47,12,6,34.25,29.004,0,621.0,21,2,1
6.36,12,1,10.0,0.636,0,14.3,1702,0,0
93.39,7,2,138.33,0.675,0,10.0,1733,0,0
36.91,6,2,35.41,1.042,0,3.9,390,0,0
350.09,13,5,269.16,1.301,0,14.6,368,0,0
62.97,21,2,64.64,0.974,0,18.1,1690,0,0
24.59,9,4,17.77,1.384,0,41.4,227,0,0
56.46,17,2,80.07,0.705,0,16.2,784,0,0
16.1,17,4,12.86,1.251,0,3.6,467,0,0
11.01,21,3,17.0,0.648,0,3.5,1159,0,0
17.62,23,3,20.01,0.88,0,27.1,429,0,0
37.39,7,3,41.39,0.903,0,16.6,501,0,0
917.58,21,6,67.27,13.641,1,1962.6,10,2,1
140.58,12,4,143.72,0.978,0,44.9,1062,0,0
76.59,9,2,58.63,1.306,0,16.3,489,0,0
48.15,7,2,45.25,1.064,0,1.4,1675,0,0
23.82,23,6,34.63,0.688,0,12.6,1385,0,0
106.96,11,1,96.13,1.113,0,8.3,239,0,0
13.9,5,2,17.38,0.8,0,3.3,1630,0,0
18.59,9,1,12.14,1.531,0,20.6,712,0,0
625.49,10,7,340.96,1.835,1,822.0,43,5,1
79.86,14,2,59.67,1.338,0,3.1,1002,1,0
27.37,10,1,47.03,0.582,0,34.4,1360,0,0
38.22,17,4,44.51,0.859,0,7.2,1841,0,0
95.04,19,3,108.38,0.877,0,6.4,168,0,0
22.39,17,3,32.1,0.698,0,0.3,323,2,0
6.95,7,2,10.0,0.695,0,0.1,1796,0,0
646.51,8,14,25.24,25.619,1,895.4,5,4,1
51.32,13,5,78.16,0.657,0,16.2,1966,0,0
48.07,5,2,40.6,1.184,0,12.8,1292,0,0
20.05,10,1,21.08,0.951,0,15.5,1483,0,0
124.8,11,1,147.98,0.843,0,5.0,749,0,0
76.84,14,4,62.34,1.233,0,5.6,1965,0,0
127.41,10,2,117.76,1.082,0,1.5,687,0,0
73.93,6,2,60.58,1.22,0,7.4,933,0,0
25.9,18,2,13.02,1.989,0,2.2,1002,0,0
121.12,15,3,131.19,0.923,0,8.6,1618,0,0
16.06,11,4,11.69,1.374,0,41.1,1019,0,0
156.95,19,4,121.15,1.295,0,7.9,1979,0,0
117.35,13,5,117.23,1.001,0,35.7,988,0,0
72.69,13,4,52.31,1.39,0,44.6,953,0,0
7.75,11,4,10.0,0.775,0,2.8,773,0,0
49.91,15,1,48.71,1.025,0,35.8,1835,0,0
94.17,7,2,109.77,0.858,0,5.9,1904,0,0
199.84,10,2,172.76,1.157,0,3.4,1481,1,0
119.84,10,3,132.62,0.904,0,6.4,353,0,0
94.47,13,2,75.01,1.259,0,5.1,1814,0,0
9.85,19,3,10.0,0.985,1,16.4,843,0,0
262.82,10,5,337.85,0.778,1,0.6,324,0,0
8.94,9,2,10.0,0.894,0,7.8,1893,0,0
57.05,11,5,55.28,1.032,0,15.0,835,0,0
328.61,10,1,427.8,0.768,0,16.4,1481,0,0
16.5,18,1,17.09,0.966,0,9.7,1211,0,0
10.16,8,3,10.0,1.016,0,1.8,1574,0,0
43.42,8,4,51.42,0.844,0,20.2,260,0,0
75.66,14,5,99.76,0.758,0,5.2,1442,0,0
12.2,8,3,10.0,1.22,0,5.6,264,0,0
26.29,11,2,22.91,1.148,0,35.0,916,0,0
36.21,5,5,10.0,3.621,0,2.3,610,0,0
133.27,15,2,127.39,1.046,0,4.8,1285,0,0
10.04,15,1,10.0,1.004,0,0.5,1082,0,0
70.67,17,2,73.04,0.967,0,5.1,179,0,0
200.67,8,2,181.3,1.107,0,15.5,314,0,0
5.58,20,1,10.0,0.558,0,39.5,1415,0,0
34.01,21,4,31.11,1.093,0,114.3,1124,0,0
230.37,21,5,248.7,0.926,0,31.0,775,0,0
79.94,10,1,105.8,0.756,0,5.7,415,0,0
228.03,14,4,190.38,1.198,0,1.2,1572,0,0
27.37,7,2,30.68,0.892,0,0.6,1334,0,0
91.74,10,1,123.91,0.74,0,2.3,1151,0,0
45.31,19,1,44.81,1.011,0,1.9,996,0,0
445.39,13,2,505.85,0.88,0,2.5,1715,0,0
73.39,8,1,52.73,1.392,0,27.6,148,0,0
560.35,11,10,280.34,1.999,1,3697.6,4,2,1
9.65,1,4,10.0,0.965,1,5.2,1064,0,0
115.53,13,5,72.89,1.585,0,1.6,1101,0,0
67.16,11,5,52.22,1.286,0,3.5,555,0,0
20.0,12,3,21.2,0.943,0,40.6,1364,0,0
80.39,14,5,92.95,0.865,0,15.0,858,0,0
19.28,16,2,17.64,1.093,0,46.4,1355,0,0
106.68,17,4,147.87,0.721,0,32.8,1110,0,0
6.45,22,1,10.0,0.645,0,12.8,955,0,0
30.61,7,4,11.26,2.718,1,25.5,1170,0,0
75.81,15,2,104.88,0.723,1,5.2,987,0,0
59.53,13,3,70.91,0.84,0,0.7,1875,0,0
27.23,13,2,24.96,1.091,0,15.0,1008,0,0
71.12,17,3,59.44,1.196,0,38.7,1636,0,0
45.36,11,4,35.14,1.291,0,4.1,50,0,0
2175.77,15,10,106.02,20.522,1,209.8,32,5,1
14.95,8,4,10.05,1.489,0,32.4,299,0,0
271.56,8,2,261.36,1.039,0,9.3,824,0,0
268.64,9,4,335.46,0.801,0,9.2,238,0,0
291.79,3,8,494.43,0.59,1,415.6,36,5,1
253.07,9,3,345.15,0.733,0,31.4,1903,0,0
142.13,7,2,216.65,0.656,0,0.0,441,0,0
21.82,12,2,23.82,0.916,0,12.6,695,0,0
177.76,8,2,130.25,1.365,0,6.7,1870,0,0
30.42,10,2,24.24,1.255,0,6.3,1146,0,0
5.92,10,4,10.0,0.592,0,1.7,1536,0,0
8.13,11,3,10.0,0.813,0,1.5,1274,0,0
27.56,9,3,26.87,1.026,0,0.5,1988,0,0
188.39,10,1,328.73,0.573,0,76.8,1493,0,0
156.83,21,3,108.91,1.44,0,4.9,230,0,0
72.41,9,1,56.28,1.287,0,35.4,64,0,0
22.82,14,3,28.29,0.807,0,0.2,1535,0,0
57.78,14,1,66.86,0.864,0,6.8,1591,0,0
50.61,8,1,63.77,0.794,0,18.5,823,0,0
44.27,10,3,40.94,1.081,0,12.7,175,0,0
103.82,9,4,100.75,1.03,1,0.4,1118,0,0
84.66,12,3,89.84,0.942,0,1.1,1441,0,0
70.63,15,3,47.31,1.493,0,6.6,389,0,0
31.49,9,4,36.75,0.857,0,6.9,1321,0,0
101.05,5,2,111.02,0.91,0,6.7,848,0,0
129.3,2,1,164.9,0.784,0,26.9,319,0,0
10.52,17,2,14.42,0.73,0,6.5,451,0,0
10.89,9,3,11.41,0.955,0,11.2,1957,0,0
13.12,16,4,13.7,0.958,0,12.4,232,0,0
167.85,8,1,257.77,0.651,0,1.7,1188,2,0
167.93,16,3,216.84,0.774,0,3.6,122,0,0
27.54,21,3,30.31,0.908,1,1.0,168,0,0
47.23,8,1,62.94,0.75,0,44.7,1193,0,0
6.45,16,1,10.0,0.645,0,4.4,1820,0,0
446.89,8,4,165.01,2.708,1,833.7,60,4,1
62.26,7,2,53.86,1.156,0,0.9,724,0,0
14.12,11,2,15.34,0.921,1,31.0,1767,0,0
60.79,14,4,63.57,0.956,0,15.0,855,0,0
7.32,10,4,10.0,0.732,0,11.7,870,0,0
46.66,10,2,45.63,1.023,0,45.9,799,0,0
76.65,21,2,70.45,1.088,0,35.5,188,0,0
79.8,10,4,71.46,1.117,0,22.8,1356,0,0
162.45,16,2,140.51,1.156,0,45.6,706,0,0
67.87,12,3,98.97,0.686,0,10.0,1002,0,0
37.7,23,4,35.58,1.06,0,0.2,731,0,0
155.0,18,5,207.11,0.748,0,3.6,1522,1,0
83.57,7,3,79.17,1.056,0,6.2,1159,0,0
45.41,6,2,38.84,1.169,0,16.4,1598,0,0
29.1,19,2,20.28,1.435,0,20.9,253,0,0
226.29,8,2,126.69,1.786,0,12.7,1867,0,0
17.76,12,4,21.74,0.817,0,96.7,354,0,0
37.0,6,5,35.75,1.035,1,0.4,1336,0,0
10.37,16,4,10.0,1.037,0,5.6,864,0,0
66.18,13,4,59.21,1.118,0,15.4,203,0,0
40.04,13,4,24.85,1.612,0,3.4,849,0,0
142.49,9,3,128.71,1.107,0,36.2,1226,0,0
11.14,11,2,15.51,0.718,0,9.0,569,0,0
114.1,17,2,117.82,0.968,0,14.6,645,0,0
10.53,19,4,10.0,1.053,0,1.9,447,0,0
34.51,6,6,38.41,0.899,0,14.1,616,0,0
148.42,11,3,144.82,1.025,0,2.6,1503,0,0
38.83,19,2,55.04,0.706,0,8.0,1746,0,0
114.31,12,1,92.21,1.24,1,20.6,1127,0,0
165.55,8,4,145.14,1.141,0,1.1,654,0,0
37.82,18,3,55.7,0.679,0,25.4,712,0,0
1508.6,20,11,24.03,62.778,1,765.4,67,5,1
193.86,6,3,195.46,0.992,0,1.8,466,1,0
65.79,8,4,84.08,0.782,0,72.5,1654,0,0
112.36,19,5,124.52,0.902,0,0.4,617,0,0
1900.13,22,11,37.05,51.279,0,879.3,98,4,1
37.07,11,2,35.82,1.035,1,2.3,721,0,0
78.14,5,2,74.88,1.044,0,7.5,1460,0,0
66.79,15,3,47.51,1.406,0,25.0,1800,0,0
89.79,9,3,51.32,1.75,0,24.2,1574,0,0
32.01,20,7,26.14,1.225,0,5.1,733,0,0
12.55,12,4,10.0,1.255,0,9.2,987,0,0
2620.56,2,9,175.41,14.94,1,203.7,14,5,1
58.03,15,2,66.99,0.866,0,25.5,1173,0,0
90.51,15,3,58.38,1.55,0,23.1,1918,0,0
39.22,17,3,10.0,3.922,0,16.4,882,0,0
23.15,14,3,27.22,0.85,0,7.8,1572,0,0
160.4,18,2,210.52,0.762,1,12.3,425,0,0
78.34,9,7,111.71,0.701,0,26.6,469,0,0
222.17,13,4,191.86,1.158,1,19.7,358,1,0
1089.69,2,14,94.31,11.555,1,4243.4,18,3,1
31.25,6,6,33.39,0.936,0,12.1,1791,0,0
49.35,17,3,43.93,1.123,0,10.4,1645,1,0
118.51,11,3,117.56,1.008,0,7.9,1608,0,0
284.27,19,4,268.16,1.06,0,11.1,261,0,0
5.0,16,4,10.0,0.5,0,31.1,1142,0,0
5.59,2,2,10.0,0.559,0,12.7,1782,0,0
21.02,7,5,19.22,1.093,0,5.7,217,0,0
563.44,6,8,39.24,14.358,1,1963.6,55,2,1
28.68,2,3,37.2,0.771,0,2.7,764,0,0
55.15,14,2,85.44,0.646,0,87.7,825,0,0
57.77,7,4,57.85,0.999,0,0.1,779,0,0
187.59,16,5,160.08,1.172,0,7.6,1153,0,0
28.58,18,2,30.09,0.95,0,0.7,1428,0,0
97.25,7,2,84.96,1.145,0,7.8,345,0,0
112.21,6,3,118.13,0.95,0,1.2,958,0,0
60.86,5,2,98.54,0.618,0,12.4,1977,0,0
110.17,15,2,93.15,1.183,0,10.3,1797,0,0
214.85,15,2,176.31,1.219,0,26.0,1731,0,0
87.59,16,4,105.63,0.829,0,7.4,709,0,0
57.0,11,5,47.62,1.197,0,9.9,1650,0,0
71.54,18,2,58.05,1.232,0,13.5,476,1,0
9.03,9,3,10.27,0.879,0,0.2,238,0,0
181.84,17,6,182.66,0.996,0,3.6,1016,0,0
13.56,18,3,10.43,1.301,0,12.5,73,0,0
50.03,5,4,47.48,1.054,0,10.4,1634,0,0
55.33,13,3,38.13,1.451,0,12.0,1314,0,0
94.3,11,4,117.51,0.802,0,5.0,440,0,0
27.56,10,1,17.94,1.536,1,7.4,785,0,0
39.48,19,2,45.62,0.865,0,3.8,398,0,0
30.94,21,5,29.82,1.038,1,8.6,93,0,0
9.47,18,1,13.55,0.699,1,72.0,1714,0,0
335.52,12,9,56.0,5.992,1,1162.3,108,3,1
25.4,9,2,21.24,1.196,0,0.3,1514,0,0
215.8,13,4,191.67,1.126,0,20.7,1504,0,0
162.45,9,2,185.5,0.876,0,17.1,1335,0,0
88.64,19,1,74.91,1.183,0,2.5,161,0,0
97.09,6,3,110.47,0.879,0,11.7,1944,0,0
128.55,9,2,166.17,0.774,0,0.7,1889,0,0
7.31,21,4,10.0,0.731,0,16.9,1683,0,0
45.63,18,1,40.15,1.136,1,7.8,591,1,0
176.23,6,1,210.7,0.836,0,59.5,80,0,0
175.74,9,6,148.64,1.182,1,3.3,1116,0,0
37.0,11,3,23.24,1.593,0,8.8,220,0,0
36.38,19,2,25.93,1.403,0,3.7,628,0,0
121.18,2,3,112.01,1.082,0,91.4,229,0,0
24.28,8,1,22.14,1.097,0,34.3,1670,0,0
467.49,5,6,91.43,5.113,0,247.0,20,0,1
723.12,23,14,179.96,4.018,0,2016.2,19,0,1
13.91,8,6,16.89,0.824,0,7.2,538,0,0
216.58,20,2,122.46,1.769,0,3.9,392,0,0
270.69,13,6,289.2,0.936,0,5.3,330,0,0
137.63,19,2,184.48,0.746,1,20.0,1742,0,0
99.97,15,5,114.58,0.873,0,6.1,537,0,0
18.32,8,3,22.58,0.811,0,6.3,1727,0,0
171.13,5,4,219.85,0.778,0,13.6,512,0,0
729.9,23,10,25.55,28.57,0,583.8,4,2,1
2395.77,8,10,49.59,48.312,1,679.7,56,3,1
22.4,8,2,23.1,0.97,0,28.8,574,0,0
8.49,9,2,10.0,0.849,0,4.4,1566,0,0
28.8,11,2,34.92,0.825,0,1.1,1554,0,0
142.77,14,1,195.49,0.73,0,5.2,284,1,0
164.22,10,3,170.53,0.963,0,69.9,480,0,0
36.21,22,2,37.46,0.966,0,2.0,1067,0,0
10.49,8,4,18.72,0.56,0,16.0,1588,0,0
67.94,12,2,77.69,0.875,1,12.2,938,0,0
7.67,12,3,10.0,0.767,0,6.6,511,0,0
104.21,10,2,122.62,0.85,1,6.3,1376,0,0
27.34,17,6,25.18,1.086,0,9.4,1110,0,0
32.96,9,4,36.69,0.898,0,0.5,1475,0,0
230.99,0,5,174.68,1.322,0,5.0,567,0,0
116.92,21,3,161.1,0.726,0,15.6,1642,0,0
118.69,8,7,125.97,0.942,0,2.3,715,0,0
16.51,9,2,22.78,0.725,0,33.0,202,0,0
131.74,15,5,92.49,1.424,0,18.3,1331,0,0
74.9,16,2,104.19,0.719,0,26.0,797,0,0
78.52,12,4,111.42,0.705,0,41.8,1089,0,0
96.87,7,4,126.84,0.764,0,1.7,1468,0,0
34.7,15,3,28.87,1.202,1,10.6,1712,0,0
16.95,9,2,21.35,0.794,1,1.1,593,0,0
69.4,13,4,41.42,1.676,0,4.1,405,0,0
40.23,14,1,28.75,1.399,0,25.4,518,0,0
95.58,16,5,106.73,0.896,0,2.4,110,0,0
46.03,9,2,44.74,1.029,0,8.1,776,0,0
2493.82,15,12,132.02,18.889,1,2788.7,50,3,1
112.54,7,3,33.25,3.385,0,29.8,1299,0,0
26.53,8,4,23.38,1.135,0,22.3,439,0,0
38.49,9,3,40.42,0.952,0,4.8,800,0,0
215.38,11,3,334.28,0.644,0,12.2,1627,0,0
106.82,19,3,135.84,0.786,0,4.6,156,0,0
85.39,11,4,82.75,1.032,0,4.9,1559,0,0
37.38,11,4,42.91,0.871,0,16.2,1966,0,0
21.71,16,4,16.37,1.326,0,11.5,1195,0,0
56.5,5,3,55.75,1.013,0,7.3,1727,0,0
62.01,16,5,83.72,0.741,0,10.6,1236,0,0
98.41,15,3,119.95,0.82,0,14.7,1544,0,0
44.8,9,4,25.99,1.724,0,14.3,987,1,0
189.27,18,2,226.88,0.834,0,18.1,1929,0,0
148.38,13,3,136.16,1.09,0,11.1,156,0,0
221.78,19,1,200.21,1.108,0,23.9,1774,0,0
10.59,21,3,10.0,1.059,0,0.6,1748,0,0
105.43,9,1,114.74,0.919,0,37.0,653,0,0
26.9,16,2,32.87,0.818,1,42.0,1095,1,0
618.03,1,10,24.2,25.533,0,310.2,33,1,1
40.93,15,4,35.6,1.15,0,57.7,1035,1,0
50.14,20,4,60.11,0.834,0,25.6,1707,0,0
105.66,20,2,150.26,0.703,0,4.2,754,0,0
79.11,12,5,78.66,1.006,0,5.4,41,0,0
2534.03,19,10,321.15,7.891,1,4085.5,86,3,1
246.16,19,2,132.59,1.857,0,16.1,1242,0,0
15.5,16,4,15.62,0.992,0,28.8,775,0,0
27.46,10,3,29.73,0.924,0,6.2,1517,0,0
579.41,4,5,119.64,4.843,1,471.7,26,1,1
166.7,11,2,199.91,0.834,0,9.1,1077,0,0
62.61,14,2,47.93,1.306,0,2.6,1331,0,0
82.85,13,2,123.4,0.671,0,30.5,1222,0,0
72.8,17,4,66.4,1.096,1,17.2,944,0,0
241.78,10,3,279.83,0.864,0,40.5,841,1,0
36.84,8,2,46.74,0.788,1,19.1,1692,0,0
319.19,9,2,300.31,1.063,0,18.9,1457,0,0
49.3,14,2,63.54,0.776,0,25.7,417,0,0
180.88,13,3,201.3,0.899,0,5.3,466,0,0
68.22,14,3,45.02,1.515,0,10.5,1889,0,0
1229.61,1,14,316.93,3.88,1,357.4,14,3,1
67.49,21,2,98.12,0.688,0,8.1,770,0,0
248.68,10,4,246.46,1.009,1,24.4,229,0,0
52.43,10,2,64.83,0.809,0,23.7,1867,0,0
211.35,11,2,304.76,0.693,0,35.2,907,0,0
158.71,15,2,104.34,1.521,0,14.7,60,0,0
13.25,7,3,17.34,0.765,0,46.4,1234,0,0
128.71,8,1,110.59,1.164,0,5.5,1997,0,0
16.93,23,2,18.45,0.918,0,15.5,1033,0,0
45.72,6,2,60.17,0.76,0,24.2,248,0,0
133.22,17,5,168.8,0.789,0,6.2,431,0,0
52.97,11,4,24.54,2.159,0,19.0,1613,0,0
764.92,18,11,47.4,16.137,1,300.4,58,4,1
17.19,6,1,17.36,0.991,0,15.2,1388,0,0
206.35,7,5,212.43,0.971,0,1.4,1074,0,0
84.74,18,4,101.01,0.839,0,7.6,1724,0,0
7.85,13,2,10.0,0.785,0,13.0,240,0,0
18.4,13,2,26.65,0.691,0,3.0,650,0,0
34.4,2,1,38.77,0.887,0,2.9,1943,0,0
219.73,9,2,160.91,1.366,0,9.8,1971,0,0
130.74,10,5,72.95,1.792,0,3.8,1305,0,0
18.2,8,6,17.23,1.056,0,8.7,1410,0,0
132.4,5,6,114.17,1.16,0,9.8,1812,0,0
95.21,18,2,53.76,1.771,0,5.6,1028,0,0
59.79,11,3,77.1,0.775,0,9.8,704,0,0
33.26,8,5,34.81,0.956,0,1.0,1140,0,0
25.73,7,4,27.11,0.949,0,5.1,1110,0,0
7.65,21,2,10.0,0.765,0,12.6,1284,0,0
7.56,11,3,12.56,0.602,0,8.1,656,0,0
11.95,14,1,10.0,1.195,0,24.9,646,0,0
149.2,17,3,123.45,1.209,0,0.9,1757,0,0
19.05,16,1,21.03,0.906,0,0.5,1378,2,0
92.71,15,3,58.43,1.587,0,2.1,1597,0,0
213.92,11,3,238.39,0.897,0,3.9,1224,0,0
131.48,16,3,134.42,0.978,0,2.3,1940,0,0
10.22,10,1,12.26,0.834,0,16.0,1058,0,0
77.2,13,4,94.91,0.813,0,12.3,1935,0,0
117.36,7,1,74.61,1.573,0,5.2,461,0,0
6.33,9,3,10.0,0.633,1,7.3,315,0,0
972.62,17,11,41.24,23.583,1,1743.7,41,3,1
131.14,10,4,108.76,1.206,0,27.3,1151,0,0
87.83,9,2,87.3,1.006,0,17.5,265,0,0
70.17,8,1,99.14,0.708,0,8.9,1657,0,0
89.89,11,4,97.97,0.918,0,7.4,1266,0,0
45.7,19,3,40.45,1.13,0,36.4,581,0,0
490.42,7,10,42.2,11.622,1,602.0,37,1,1
44.17,17,3,63.87,0.692,0,16.7,1951,0,0
231.82,14,4,197.6,1.173,0,54.6,1844,0,0
46.92,18,3,67.7,0.693,0,7.1,178,0,0
49.52,3,5,66.64,0.743,0,7.3,1276,0,0
61.57,14,2,72.3,0.852,0,13.8,472,0,0
138.98,16,2,131.32,1.058,0,0.8,44,0,0
704.92,18,12,308.59,2.284,1,243.5,25,2,1
85.95,16,3,89.52,0.96,0,1.1,57,0,0
56.31,15,3,45.22,1.245,0,2.5,1172,0,0
79.03,3,6,84.31,0.937,0,21.1,896,0,0
77.22,6,4,103.3,0.748,0,4.9,1366,0,0
83.66,11,5,88.59,0.944,0,3.5,1804,0,0
17.33,6,4,22.67,0.764,0,71.9,768,0,0
379.92,17,3,359.79,1.056,0,34.1,1653,1,0
93.72,0,2,97.96,0.957,0,13.3,1147,1,0
11.17,9,3,10.0,1.117,0,22.9,944,0,0
51.07,12,3,46.91,1.089,0,14.0,740,0,0
2372.39,23,6,81.71,29.035,1,2087.8,61,5,1
116.76,22,2,46.08,2.534,0,51.9,309,0,0
82.37,18,2,86.49,0.952,1,4.0,1841,0,0
153.37,13,4,146.48,1.047,0,4.1,74,0,0
23.68,0,2,23.03,1.028,0,8.3,1421,0,0
59.62,17,2,45.6,1.308,0,33.4,1026,0,0
24.6,9,4,19.41,1.267,0,5.1,1948,0,0
190.31,7,4,194.03,0.981,0,3.8,555,0,0
82.77,14,4,103.5,0.8,0,0.9,385,0,0
82.71,14,4,81.93,1.01,0,8.8,516,1,0
123.7,7,3,145.69,0.849,0,29.9,765,0,0
29.74,16,1,32.67,0.91,0,0.3,1815,0,0
9.22,9,4,11.89,0.776,0,3.5,1827,0,0
125.49,10,6,97.76,1.284,0,16.9,417,0,0
168.0,10,6,127.48,1.318,0,30.8,1544,0,0
62.75,9,4,66.46,0.944,0,26.3,913,0,0
38.38,13,3,26.3,1.459,0,30.1,124,0,0
5.37,10,6,10.0,0.537,0,26.0,1784,0,0
33.85,15,2,36.49,0.928,0,67.8,1127,2,0
54.13,18,3,52.26,1.036,0,20.5,408,0,0
43.19,7,1,47.06,0.918,0,8.1,481,0,0
35.67,12,4,36.74,0.971,0,0.3,1818,0,0
61.16,16,2,50.65,1.207,0,10.0,453,0,0
72.54,15,2,77.92,0.931,0,8.5,706,0,0
56.56,13,3,51.92,1.089,0,13.3,1270,0,0
42.45,9,5,51.87,0.819,0,43.2,999,0,0
60.25,13,5,70.07,0.86,0,23.1,603,0,0
24.79,8,1,27.85,0.89,0,16.6,848,0,0
15.35,20,3,18.26,0.841,0,9.8,232,0,0
150.6,9,5,119.53,1.26,0,23.5,968,0,0
60.01,6,1,60.29,0.995,0,4.7,1645,0,0
50.55,10,4,60.5,0.836,0,8.4,1221,0,0
53.07,10,7,50.18,1.058,0,7.0,969,0,0
111.49,8,3,99.19,1.124,0,11.8,982,0,0
93.85,2,2,86.61,1.084,0,22.7,1029,0,0
42.71,12,2,37.32,1.144,0,32.0,654,0,0
7.56,9,4,10.0,0.756,0,13.7,729,0,0
59.24,9,1,75.55,0.784,0,6.9,1916,0,0
330.06,18,1,423.72,0.779,0,0.3,574,0,0
65.33,6,1,36.25,1.803,0,19.9,323,0,0
86.47,19,2,97.42,0.888,0,7.5,1348,0,0
37.84,11,1,34.94,1.083,0,9.5,1342,0,0
165.86,16,3,162.98,1.018,0,71.8,778,0,0
162.38,9,6,213.47,0.761,0,21.1,512,0,0
12.39,6,2,15.44,0.803,0,3.2,266,0,0
9.41,7,4,10.0,0.941,0,1.5,904,0,0
94.09,9,4,125.68,0.749,0,10.1,1247,0,0
94.05,11,3,139.32,0.675,0,9.7,231,0,0
61.81,4,1,66.33,0.932,0,14.5,1003,0,0
272.58,12,2,219.91,1.24,0,0.4,172,0,0
58.05,13,2,45.65,1.272,0,0.6,620,0,0
88.98,19,5,97.84,0.909,0,27.1,1998,0,0
28.69,18,5,39.72,0.722,0,10.5,30,0,0
94.56,14,1,126.63,0.747,0,41.2,1431,0,0
79.62,19,4,82.6,0.964,0,44.9,1733,0,0
89.57,10,3,80.24,1.116,0,19.5,1858,0,0
108.48,10,5,88.91,1.22,0,56.2,428,0,0
38.09,5,1,59.35,0.642,0,2.2,1285,0,0
182.42,8,3,65.39,2.79,0,41.0,1990,0,0
17.98,9,3,22.52,0.798,0,7.6,1987,0,0
75.06,11,2,64.56,1.163,0,25.1,1641,0,0
6.11,9,1,10.0,0.611,0,5.1,1031,1,0
30.14,8,1,30.55,0.987,0,34.9,1874,0,0
57.04,18,4,54.35,1.049,0,9.4,1521,0,0
12.48,16,3,10.0,1.248,0,8.5,643,0,0
584.65,23,9,154.76,3.778,0,454.2,5,1,1
53.27,12,2,55.3,0.963,0,5.2,726,0,0
142.06,11,3,156.83,0.906,0,14.2,570,0,0
83.27,8,5,78.51,1.061,0,8.7,1866,0,0
24.53,15,2,11.85,2.07,0,26.8,180,1,0
10.41,20,4,10.0,1.041,0,15.9,547,0,0
9.37,11,2,10.0,0.937,0,2.8,1621,0,0
68.63,13,2,74.66,0.919,0,12.5,205,1,0
53.48,8,2,46.54,1.149,0,4.2,1084,0,0
38.69,20,1,30.79,1.257,0,9.6,439,0,0
41.47,8,3,37.24,1.114,0,16.6,185,0,0
39.34,8,4,30.88,1.274,0,51.9,1201,0,0
43.41,11,3,58.53,0.742,0,4.9,230,1,0
14.01,13,5,10.72,1.307,0,26.2,1911,0,0
11.72,20,5,10.0,1.172,0,8.1,1399,0,0
65.31,6,4,53.71,1.216,0,17.0,499,0,0
164.63,10,5,171.99,0.957,1,9.9,591,0,0
80.88,0,2,69.42,1.165,0,10.4,809,0,0
863.19,8,10,288.31,2.994,1,566.9,29,4,1
124.15,4,2,110.61,1.122,0,1.9,1343,0,0
84.0,7,5,104.88,0.801,0,1.0,1605,0,0
8.18,13,5,10.0,0.818,0,1.4,1522,0,0
165.64,14,4,149.17,1.11,0,5.4,408,0,0
105.13,15,3,108.91,0.965,0,12.8,1841,0,0
216.29,14,3,270.17,0.801,0,3.7,1673,0,0
1154.88,14,6,24.94,46.301,1,368.0,5,4,1
11.69,11,2,11.41,1.025,0,16.4,225,0,0
46.87,18,4,46.41,1.01,0,1.1,436,0,0
137.42,14,4,157.51,0.872,0,20.9,1027,0,0
114.9,14,2,149.1,0.771,0,0.3,1097,0,0
5.4,19,1,10.0,0.54,1,9.3,1352,0,0
74.79,11,8,90.74,0.824,0,12.1,68,0,0
51.14,9,2,47.55,1.076,0,7.2,1720,2,0
46.2,19,2,23.37,1.976,0,14.3,514,0,0
49.63,12,2,46.01,1.079,0,7.8,1309,0,0
80.03,2,7,77.62,1.031,0,53.9,1621,0,0
92.12,10,2,72.48,1.271,0,8.4,75,0,0
1031.78,14,7,97.66,10.565,1,2213.5,66,4,1
33.79,8,5,35.73,0.946,0,2.5,1898,0,0
51.7,6,2,44.82,1.154,0,46.0,298,0,0
77.01,12,1,67.24,1.145,0,5.9,737,0,0
123.92,10,4,155.64,0.796,0,9.3,989,0,0
99.45,10,3,103.03,0.965,0,1.4,596,0,0
154.38,22,3,117.02,1.319,0,15.6,1823,0,0
52.1,9,2,44.48,1.171,0,21.0,1272,0,0
143.73,15,2,134.64,1.067,0,4.2,774,0,0
6.35,12,4,10.0,0.635,0,25.0,87,0,0
127.15,4,3,144.46,0.88,0,11.4,97,0,0
28.45,19,4,21.04,1.352,1,15.7,90,0,0
41.53,16,1,39.08,1.063,0,2.0,1579,2,0
33.02,17,4,32.58,1.013,0,5.1,1599,0,0
29.09,23,5,42.72,0.681,0,14.2,1331,0,0
131.89,7,9,171.27,0.77,0,21.0,1059,0,0
71.93,7,4,44.54,1.615,0,3.2,1081,0,0
223.49,13,5,203.8,1.097,0,9.3,1781,0,0
8.47,16,2,10.0,0.847,0,25.7,981,0,0
115.64,8,2,132.88,0.87,0,9.6,70,0,0
21.34,17,1,24.16,0.883,0,0.9,324,0,0
169.47,20,3,196.42,0.863,0,14.6,1068,0,0
65.45,16,2,40.58,1.613,0,17.7,354,0,0
60.53,14,1,73.95,0.819,0,11.5,1999,0,0
1131.58,7,9,108.59,10.421,1,2142.6,82,5,1
44.7,7,4,34.82,1.284,0,34.1,947,0,0
33.8,9,5,27.2,1.243,0,14.4,1774,0,0
108.21,5,3,99.17,1.091,0,6.3,1385,0,0
24.08,14,1,29.9,0.805,0,0.3,88,0,0
75.19,11,3,70.66,1.064,0,58.9,1635,0,0
24.4,9,2,30.13,0.81,1,15.6,304,0,0
75.56,20,4,91.54,0.825,0,15.4,1658,0,0
240.21,22,8,21.0,11.439,1,1986.6,25,2,1
59.65,15,3,49.96,1.194,0,2.0,1591,2,0
95.86,12,1,79.66,1.203,0,7.6,1874,0,0
14.34,13,3,18.05,0.794,0,26.1,546,0,0
59.75,10,4,78.9,0.757,1,0.7,1267,0,0
954.34,18,8,54.64,17.465,1,1056.5,22,3,1
72.1,12,3,41.53,1.736,0,7.0,1490,0,0
82.98,12,3,80.33,1.033,0,1.0,1419,0,0
264.42,13,2,397.57,0.665,0,2.1,309,0,0
57.37,10,4,72.39,0.793,0,2.4,208,0,0
19.65,21,3,28.08,0.7,0,22.7,1602,0,0
75.15,1,2,57.4,1.309,0,8.3,1461,0,0
63.24,8,3,63.72,0.992,0,14.0,630,0,0
176.62,8,4,195.82,0.902,0,6.5,1892,0,0
53.21,11,3,33.55,1.586,0,5.1,1315,0,0
763.74,21,10,201.24,3.795,1,654.6,16,3,1
734.99,8,8,54.15,13.574,1,2344.1,36,2,1
42.96,16,5,47.49,0.905,0,0.2,454,0,0
13.87,20,2,10.0,1.387,0,5.9,451,0,0
16.02,9,7,20.98,0.763,1,41.8,1423,0,0
266.27,20,4,269.16,0.989,0,12.3,119,0,0
15.66,12,3,15.12,1.036,0,29.2,1070,0,0
156.32,9,5,202.74,0.771,0,1.9,888,0,0
39.73,19,3,39.4,1.008,0,41.7,272,0,0
10.95,17,5,18.24,0.6,0,22.2,1458,0,0
10.62,13,3,16.57,0.641,0,7.4,85,0,0
178.01,8,3,229.76,0.775,0,20.7,1599,0,0
56.43,18,4,70.57,0.8,0,42.0,212,0,0
39.97,9,1,33.77,1.184,0,5.6,310,0,0
9.49,19,3,10.0,0.949,0,13.2,212,0,0
11.36,15,3,15.09,0.753,0,15.4,1938,0,0
72.02,11,3,77.97,0.924,0,1.1,1318,0,0
42.84,18,2,50.84,0.843,0,15.9,1306,0,0
865.01,0,6,84.94,10.184,0,730.9,6,1,1
33.13,17,5,31.9,1.039,0,4.4,1462,0,0
1479.17,19,6,46.82,31.593,1,1484.2,22,3,1
5.24,10,4,10.0,0.524,0,10.4,898,0,0
122.23,15,2,124.17,0.984,0,20.1,901,0,0
66.34,12,4,63.71,1.041,0,23.5,1346,0,0
168.27,10,4,211.67,0.795,0,18.0,1112,0,0
35.86,11,1,32.55,1.102,0,3.6,719,0,0
205.39,0,11,75.53,2.719,1,298.5,40,3,1
36.05,4,2,36.33,0.992,0,3.1,1468,0,0
117.59,9,3,80.46,1.461,0,2.1,1626,0,0
13.25,16,3,17.06,0.776,0,30.9,212,0,0
19.33,10,4,19.89,0.972,0,7.9,1410,0,0
8.57,20,3,10.0,0.857,0,36.1,1440,0,0
184.32,11,2,253.96,0.726,0,0.8,167,1,0
997.41,16,11,142.34,7.007,1,2948.5,24,2,1
47.66,12,3,25.63,1.86,0,0.8,1141,0,0
24.23,5,3,17.08,1.419,0,3.1,1977,1,0
66.12,12,5,47.16,1.402,0,15.3,914,0,0
1715.56,5,11,34.91,49.14,1,2419.8,36,1,1
88.58,9,3,125.22,0.707,0,26.0,1756,0,0
686.81,1,11,37.78,18.181,1,354.9,14,2,1
102.97,19,2,92.9,1.108,0,8.8,1418,0,0
361.07,10,5,343.28,1.052,1,21.3,1874,0,0
55.45,11,1,44.13,1.256,0,6.4,910,0,0
12.38,19,2,15.64,0.791,0,0.9,1530,0,0
85.24,3,4,88.08,0.968,0,8.7,116,0,0
94.07,11,2,84.51,1.113,0,7.0,1288,0,0
77.98,12,4,55.63,1.402,0,6.1,1539,0,0
16.34,9,4,16.57,0.986,0,6.8,454,0,0
20.59,9,3,16.11,1.279,0,1.0,684,0,0
90.72,16,2,70.12,1.294,0,1.6,1145,0,0
9.98,16,5,14.87,0.671,0,8.3,989,0,0
192.11,16,3,226.74,0.847,0,4.7,432,0,0
46.57,12,1,54.38,0.856,0,0.2,670,1,0
154.14,7,5,128.51,1.199,0,2.2,1771,0,0
94.31,8,2,116.96,0.806,0,26.7,1515,0,0
60.4,19,4,51.79,1.166,0,32.1,1716,0,0
22.09,9,3,28.32,0.78,0,13.2,74,0,0
11.01,12,2,10.0,1.101,0,6.8,1907,0,0
54.56,5,3,49.29,1.107,0,0.6,1487,0,0
39.91,17,1,48.98,0.815,0,26.9,1391,0,0
136.82,8,2,82.08,1.667,0,1.5,1904,0,0
29.16,12,3,39.6,0.736,0,7.6,1431,0,0
47.38,10,4,56.74,0.835,0,4.6,1606,0,0
8.37,14,4,10.0,0.837,0,5.1,1182,2,0
57.89,9,3,42.8,1.353,0,2.2,580,0,0
237.68,20,3,235.1,1.011,0,16.6,1778,0,0
32.81,20,2,49.4,0.664,0,6.1,155,0,0
87.52,18,1,104.48,0.838,0,0.9,1642,0,0
33.25,17,2,34.45,0.965,0,3.3,1635,0,0
87.38,11,5,77.92,1.121,0,4.7,1654,0,0
89.72,12,5,115.03,0.78,0,5.7,970,0,0
15.24,5,2,18.81,0.81,0,33.6,1706,0,0
17.09,14,7,10.54,1.621,0,1.6,1578,0,0
54.24,13,1,49.91,1.087,0,21.5,1438,1,0
254.35,16,3,190.99,1.332,0,16.8,1249,0,0
251.88,8,5,141.32,1.782,0,6.6,231,0,0
229.77,10,5,266.84,0.861,0,0.2,619,0,0
56.44,8,4,72.27,0.781,1,24.2,1420,0,0
302.99,10,6,264.39,1.146,0,0.2,1557,0,0
59.36,18,2,56.65,1.048,0,19.3,1110,0,0
335.0,18,6,124.77,2.685,0,36.3,958,0,0
198.67,14,3,196.35,1.012,0,4.8,1825,0,0
25.73,9,2,23.26,1.107,0,34.9,1319,0,0
213.96,7,7,223.34,0.958,0,3.3,1394,0,0
16.74,17,3,11.37,1.473,1,39.1,1497,0,0
160.3,14,4,171.42,0.935,0,9.6,484,0,0
10.16,18,2,10.0,1.016,0,5.3,659,1,0
298.29,7,1,336.9,0.885,0,2.0,1975,0,0
33.3,1,2,38.47,0.866,0,6.0,1304,0,0
18.74,16,2,16.23,1.154,0,5.5,662,0,0
131.38,0,3,149.89,0.877,0,15.2,436,0,0
19.62,17,3,19.62,1.0,0,4.8,1528,0,0
46.48,9,3,56.69,0.82,0,12.6,1664,0,0
104.44,8,6,125.57,0.832,0,4.1,1272,0,0
433.47,11,1,310.19,1.397,0,5.5,974,0,0
60.57,15,4,78.14,0.775,1,0.8,1155,0,0
42.38,8,1,31.48,1.346,0,7.7,203,0,0
52.91,14,3,69.0,0.767,1,1.9,1966,0,0
164.57,11,2,130.66,1.26,0,6.2,1664,0,0
60.74,8,4,71.71,0.847,0,24.9,1677,0,0
101.2,6,6,121.38,0.834,0,18.6,875,0,0
26.68,17,3,31.08,0.858,0,2.4,1299,0,0
32.06,18,4,20.77,1.544,0,5.5,1733,0,0
1199.14,18,5,76.64,15.646,1,2505.8,27,0,1
123.5,9,1,88.8,1.391,0,6.7,229,0,0
6.09,15,3,10.0,0.609,0,13.0,1182,0,0
24.82,10,2,28.06,0.885,0,12.1,438,0,0
179.04,14,4,151.26,1.184,0,5.2,407,0,0
82.49,10,1,82.73,0.997,0,6.7,1987,0,0
230.48,4,2,269.82,0.854,0,26.2,300,0,0
17.37,12,5,20.3,0.856,0,11.8,1510,0,0
803.52,4,4,130.9,6.139,0,1210.7,48,5,1
1126.24,19,14,232.98,4.834,1,2845.5,112,2,1
231.95,10,2,198.97,1.166,0,9.4,278,0,0
184.95,8,4,200.06,0.924,0,12.7,115,0,0
15.06,3,2,12.52,1.203,0,34.8,612,0,0
1003.22,23,9,74.3,13.503,1,3881.4,14,3,1
36.37,7,2,50.31,0.723,0,1.0,415,0,0
8.5,16,3,10.63,0.8,0,58.7,1159,0,0
107.05,4,5,123.04,0.87,0,24.3,1977,0,0
32.17,11,6,28.25,1.139,0,3.5,840,0,0
544.09,16,6,51.94,10.475,1,862.2,79,2,1
127.57,13,1,154.53,0.826,1,0.0,1582,0,0
27.44,21,3,17.6,1.56,0,0.8,1955,0,0
161.96,2,5,148.99,1.087,1,22.8,1959,0,0
40.12,17,4,42.28,0.949,0,9.7,129,0,0
267.81,17,3,298.67,0.897,0,5.8,361,0,0
50.17,12,1,59.97,0.837,0,5.8,236,0,0
355.66,19,1,372.68,0.954,0,37.2,122,0,0
57.46,8,2,56.66,1.014,0,0.9,1359,0,0
117.08,14,2,129.27,0.906,0,9.4,1164,0,0
284.33,13,5,142.38,1.997,0,2.6,1125,0,0
141.93,15,3,98.79,1.437,1,15.6,1399,0,0
12.86,7,4,11.92,1.079,1,1.7,360,0,0
68.19,18,2,69.03,0.988,0,6.8,1920,0,0
100.06,7,1,101.15,0.989,0,6.9,1982,1,0
49.46,0,4,36.51,1.355,0,22.5,842,0,0
172.68,7,2,181.96,0.949,0,4.5,352,0,0
7.37,8,2,10.0,0.737,0,11.8,1360,0,0
333.79,14,7,106.19,3.143,1,552.6,11,2,1
222.01,10,3,195.14,1.138,0,0.3,1374,0,0
45.78,0,2,64.72,0.707,0,15.6,668,0,0
71.46,9,1,67.65,1.056,1,38.7,1527,0,0
25.82,11,5,27.98,0.923,0,1.6,118,0,0
43.55,10,3,50.61,0.861,0,2.1,1428,0,0
10.54,16,5,10.0,1.054,0,32.2,1824,0,0
144.61,8,2,183.75,0.787,0,10.4,620,0,0
19.99,11,1,23.66,0.845,0,2.4,172,0,0
111.02,11,3,137.17,0.809,0,34.1,1706,0,0
33.03,9,1,46.22,0.715,0,11.9,361,0,0
41.32,16,4,31.69,1.304,0,3.6,305,0,0
80.61,11,2,51.09,1.578,0,13.4,1221,1,0
125.65,10,2,117.3,1.071,0,19.7,1125,0,0
174.52,10,4,129.66,1.346,0,6.0,1479,0,0
10.27,7,2,12.68,0.81,0,19.6,378,0,0
19.7,18,3,20.33,0.969,0,19.1,813,0,0
35.44,15,1,39.39,0.9,0,30.1,1305,0,0
1262.11,0,14,37.0,34.11,1,922.6,317,3,1
24.43,10,6,26.28,0.93,0,50.9,138,0,0
12.52,19,2,10.87,1.152,0,19.0,280,0,0
33.5,11,4,19.2,1.745,0,6.5,1515,0,0
123.56,4,3,128.1,0.965,0,12.2,1369,0,0
212.03,11,2,234.82,0.903,0,5.1,1158,0,0
107.07,9,4,123.87,0.864,0,7.4,1939,0,0
62.52,9,3,44.21,1.414,0,21.8,671,0,0
14.99,13,1,10.0,1.499,0,37.2,1398,0,0
58.25,15,4,60.88,0.957,0,12.4,836,0,0
21.69,4,2,17.46,1.242,0,12.9,1412,0,0
135.61,8,3,174.97,0.775,0,45.4,1565,0,0
5.68,17,4,10.0,0.568,0,3.7,502,0,0
44.7,14,3,61.8,0.723,0,13.0,344,0,0
183.87,12,2,135.33,1.359,1,25.9,865,0,0
29.56,7,3,32.6,0.907,0,7.9,225,0,0
28.1,13,2,33.92,0.828,0,63.8,224,0,0
24.26,20,1,22.81,1.064,0,10.1,1566,0,0
101.54,14,2,66.5,1.527,0,5.5,657,0,0
11.01,0,3,10.0,1.101,0,4.8,1905,0,0
111.36,11,2,96.61,1.153,0,3.4,1491,0,0
22.74,13,3,19.06,1.193,0,5.4,1871,0,0
16.57,13,4,20.1,0.825,0,64.4,915,0,0
136.82,20,4,51.78,2.642,0,10.9,290,0,0
55.14,14,2,65.98,0.836,1,14.4,1655,0,0
401.0,11,3,422.69,0.949,0,13.2,861,0,0
8.86,13,3,10.0,0.886,0,11.6,1129,0,0
60.53,13,1,40.32,1.501,0,3.1,731,0,0
16.53,8,1,16.82,0.983,0,0.3,662,0,0
33.66,15,3,50.22,0.67,0,6.2,32,0,0
41.32,9,3,47.14,0.877,0,4.9,859,0,0
42.62,7,1,40.59,1.05,1,8.5,1713,0,0
16.67,10,3,18.17,0.917,1,15.4,1881,0,0
39.54,13,2,47.43,0.834,0,18.4,629,0,0
1501.07,21,10,100.25,14.974,1,1860.2,15,2,1
9.53,7,1,10.8,0.882,1,22.8,160,0,0
11.65,11,3,10.0,1.165,0,26.2,1648,0,0
237.36,7,4,290.11,0.818,1,4.9,1369,0,0
73.73,17,7,52.8,1.396,0,6.1,621,0,0
23.98,15,2,24.55,0.977,0,1.1,1691,0,0
22.96,11,1,35.01,0.656,0,11.2,1812,0,0
80.12,10,5,49.23,1.627,0,13.0,1052,0,0
80.81,14,1,88.66,0.912,0,33.2,1861,0,0
319.93,11,2,478.55,0.669,0,1.7,599,0,0
748.99,21,13,119.12,6.288,1,1244.5,5,4,1
40.92,6,2,44.64,0.917,0,4.6,882,0,0
90.15,18,2,78.44,1.149,0,0.0,1160,0,0
28.74,17,3,33.15,0.867,1,5.3,752,0,0
246.67,1,2,305.32,0.808,0,4.6,1636,0,0
20.62,22,5,22.76,0.906,0,9.1,478,1,0
56.62,10,2,42.9,1.32,1,16.5,888,0,0
18.93,9,5,15.45,1.225,0,29.4,351,0,0
410.05,17,8,90.71,4.521,1,2319.4,26,2,1
24.67,10,4,27.78,0.888,0,13.0,1625,0,0
315.53,7,4,287.22,1.099,0,7.9,1549,1,0
47.97,14,2,63.83,0.751,1,25.8,1084,0,0
122.31,5,3,76.15,1.606,0,33.8,1591,0,0
24.83,8,4,11.32,2.194,1,3.0,118,0,0
126.54,11,1,197.54,0.641,0,18.4,273,0,0
23.01,10,3,15.58,1.477,0,3.6,1725,0,0
231.86,19,5,196.07,1.182,0,7.4,1380,0,0
68.0,10,4,59.67,1.14,0,10.6,92,0,0
142.35,10,3,145.22,0.98,0,6.7,1736,0,0
336.94,15,3,307.55,1.096,0,10.2,901,0,0
22.18,5,4,20.68,1.072,0,10.2,1064,0,0
18.12,16,2,10.0,1.812,0,6.2,1190,0,0
168.67,8,4,212.05,0.795,0,0.0,1409,0,0
20.36,14,1,25.12,0.811,1,13.0,677,0,0
32.25,11,2,31.25,1.032,0,17.8,1399,0,0
46.99,17,3,50.25,0.935,0,36.8,1240,0,0
41.9,8,3,32.38,1.294,0,43.1,847,0,0
109.25,15,2,139.39,0.784,0,1.6,1451,0,0
14.71,21,5,19.34,0.76,0,25.6,1569,0,0
405.37,9,5,401.23,1.01,0,2976.6,2,2,1
10.67,19,3,10.0,1.067,0,28.9,503,0,0
55.88,11,8,56.92,0.982,0,21.6,1382,0,0
16.42,13,1,20.22,0.812,0,2.4,857,0,0
121.8,20,4,37.86,3.217,0,60.9,181,0,0
515.43,11,3,673.71,0.765,0,5.0,915,0,0
38.7,7,5,54.48,0.71,0,0.9,805,0,0
61.26,7,5,77.05,0.795,0,5.7,744,0,0
153.65,17,1,117.41,1.309,0,23.0,1640,0,0
6.38,19,4,10.0,0.638,0,5.5,443,0,0
47.52,12,1,66.96,0.71,0,23.7,274,0,0
140.65,17,3,137.2,1.025,0,35.7,165,0,0
49.81,10,4,31.79,1.567,0,30.1,249,1,0
7.8,17,2,10.0,0.78,0,21.2,586,0,0
12.4,13,2,13.1,0.947,0,15.1,792,0,0
52.84,14,1,50.33,1.05,0,17.9,1089,0,0
58.71,9,2,66.11,0.888,0,17.7,1450,0,0
55.16,16,3,83.22,0.663,0,28.1,1644,0,0
22.62,20,1,29.97,0.755,0,14.8,576,0,0
77.49,7,3,48.85,1.586,0,7.0,968,0,0
66.51,17,4,52.9,1.257,0,0.6,1243,0,0
1484.89,22,8,160.63,9.244,1,1989.9,26,2,1
60.2,11,6,81.28,0.741,0,3.8,1351,0,0
17.08,10,6,17.81,0.959,0,1.9,1307,0,0
1601.42,3,15,30.93,51.775,1,666.9,54,3,1
56.15,8,2,51.68,1.087,0,43.8,1631,0,0
125.71,17,5,93.07,1.351,0,3.8,515,0,0
17.28,12,2,20.56,0.841,0,15.9,1828,0,0
186.37,7,2,196.06,0.951,0,14.5,1069,0,0
1964.72,0,8,62.11,31.63,1,1354.8,34,4,1
45.67,12,2,43.85,1.041,0,13.1,1811,0,0
129.36,8,4,146.94,0.88,0,11.8,798,0,0
49.61,16,4,61.55,0.806,0,7.3,1558,0,0
94.84,11,3,140.18,0.677,0,0.7,1940,0,0
94.31,12,5,110.67,0.852,0,11.3,1764,0,0
95.92,8,7,80.45,1.192,0,3.1,1455,0,0
115.99,8,3,108.55,1.068,0,0.7,1595,0,0
7.19,16,5,10.0,0.719,0,50.5,183,0,0
34.3,12,3,28.41,1.207,0,0.1,1505,0,0
19.61,8,3,15.49,1.266,0,16.1,1483,0,0
40.16,15,5,38.72,1.037,0,48.5,548,0,0
142.85,20,5,127.97,1.116,0,30.4,561,1,0
83.66,13,5,109.0,0.768,0,51.3,1912,0,0
182.45,17,2,211.41,0.863,0,47.0,513,1,0
174.99,8,3,246.67,0.709,0,10.1,807,0,0
42.37,11,3,19.66,2.155,0,48.6,1750,0,0
70.73,16,2,72.23,0.979,0,7.6,1084,1,0
29.2,8,2,20.47,1.426,0,1.2,1281,0,0
237.71,1,7,163.4,1.455,0,258.5,53,0,1
64.13,11,3,97.6,0.657,1,14.0,1158,0,0
107.7,11,3,120.98,0.89,0,4.9,554,0,0
7.37,15,2,10.0,0.737,0,43.0,998,0,0
22.54,1,3,26.3,0.857,0,11.2,147,0,0
1235.21,16,15,54.86,22.516,0,522.2,41,4,1
7.22,15,3,10.0,0.722,0,15.4,1626,0,0
127.64,16,2,61.26,2.084,1,2.6,1798,0,0
69.85,17,7,64.6,1.081,0,14.6,152,0,0
162.22,9,2,187.55,0.865,0,0.8,450,0,0
55.3,7,3,74.5,0.742,0,1.6,854,0,0
7.23,9,1,10.0,0.723,0,34.5,204,0,0
75.77,16,2,84.69,0.895,0,8.1,1025,0,0
28.87,16,8,34.57,0.835,0,1.4,990,0,0
105.01,16,3,130.38,0.805,0,4.8,685,0,0
14.61,13,5,20.19,0.723,0,2.0,1572,0,0
103.98,17,3,89.3,1.164,1,16.6,1169,0,0
134.19,10,2,92.84,1.445,0,35.1,1145,0,0
55.81,10,2,48.31,1.155,0,18.5,1907,0,0
10.52,17,3,10.0,1.052,0,16.2,299,0,0
24.8,9,3,37.31,0.665,1,0.5,389,0,0
78.16,8,1,80.75,0.968,0,4.1,710,0,0
40.2,16,5,30.6,1.314,0,4.1,1759,0,0
67.15,3,3,85.53,0.785,0,10.2,816,0,0
417.89,22,8,90.43,4.621,1,962.7,92,1,1
1820.96,23,11,73.22,24.871,1,3437.3,18,2,1
30.55,15,2,13.12,2.328,0,22.3,531,0,0
14.35,7,4,18.4,0.78,0,2.4,1465,0,0
334.67,10,2,231.83,1.444,0,69.2,1316,0,0
260.06,14,4,217.06,1.198,0,12.1,1810,0,0
256.69,7,3,233.81,1.098,0,1.6,1764,0,0
21.92,14,2,20.89,1.05,0,25.5,1209,1,0
1389.09,11,11,38.48,36.098,1,777.5,83,2,1
458.31,14,5,343.83,1.333,0,10.6,692,0,0
1495.89,4,14,28.41,52.646,0,1015.3,13,2,1
113.58,9,2,97.94,1.16,0,4.8,845,0,0
213.5,13,4,170.59,1.252,0,23.4,324,0,0
11.82,9,3,19.8,0.597,0,6.2,1217,0,0
38.73,15,2,24.76,1.564,0,3.7,634,0,0
10.26,8,5,15.47,0.663,0,18.9,1832,0,0
142.38,4,3,172.52,0.825,0,26.2,1167,0,0
615.09,12,8,240.7,2.555,1,3629.3,5,4,1
19.37,6,3,25.58,0.757,0,3.7,805,0,0
95.79,5,3,102.14,0.938,0,12.2,454,0,0
10.94,19,3,12.46,0.878,0,5.0,1910,1,0
70.19,5,4,72.31,0.971,0,0.8,1717,0,0
51.59,9,2,47.96,1.076,0,1.4,1532,0,0
74.28,21,2,79.06,0.94,0,25.2,678,0,0
464.66,5,1,250.74,1.853,0,5.6,370,0,0
22.75,20,2,27.29,0.834,0,2.7,1537,0,0
46.56,10,3,38.11,1.222,0,0.3,1881,0,0
614.39,8,6,48.24,12.736,1,523.9,8,3,1
31.03,1,3,39.21,0.791,0,38.0,1357,0,0
140.51,11,3,135.77,1.035,1,0.3,1734,0,0
107.93,17,3,97.04,1.112,0,13.7,196,0,0
71.64,5,3,80.12,0.894,0,17.5,298,0,0
138.65,15,2,120.41,1.151,1,10.5,751,0,0
128.25,2,2,150.54,0.852,0,6.3,601,0,0
25.78,9,1,27.44,0.939,0,87.8,1412,0,0
70.61,16,7,84.31,0.838,0,17.8,301,0,0
179.16,7,2,155.78,1.15,0,27.6,294,1,0
78.39,12,7,89.2,0.879,0,10.5,612,0,0
18.95,14,2,17.23,1.1,0,5.9,1162,0,0
123.95,7,2,78.52,1.579,0,30.0,225,0,0
1059.21,11,10,27.67,38.28,0,352.7,5,0,1
222.17,9,4,172.21,1.29,0,12.9,573,0,0
146.31,17,4,131.89,1.109,0,36.0,1453,0,0
25.57,13,1,20.48,1.248,0,11.4,1159,0,0
11.54,0,2,10.2,1.131,0,0.4,1944,0,0
137.41,12,5,177.92,0.772,0,6.1,1726,0,0
144.76,17,1,184.73,0.784,0,10.3,661,0,0
70.86,21,3,67.63,1.048,0,13.3,1509,0,0
5.91,15,5,10.0,0.591,0,4.0,510,0,0
2197.41,1,5,55.75,39.415,0,975.9,58,3,1
13.0,6,3,15.96,0.814,0,18.0,1465,0,0
19.46,17,1,24.34,0.8,0,8.1,285,0,0
6.38,15,1,10.0,0.638,0,2.2,1560,0,0
54.78,15,2,58.62,0.935,0,10.3,1094,0,0
17.58,10,6,21.44,0.82,0,3.8,1905,0,0
58.08,13,3,74.52,0.779,0,10.2,948,0,0
62.04,5,2,44.25,1.402,0,14.4,43,0,0
111.65,12,3,67.69,1.649,0,12.0,1871,0,0
14.57,17,1,10.0,1.457,0,10.7,1676,0,0
89.64,6,1,92.82,0.966,0,14.0,514,0,0
17.44,10,6,12.47,1.399,0,14.8,850,0,0
36.31,19,2,49.15,0.739,0,13.7,839,0,0
232.45,6,2,283.54,0.82,1,5.8,926,0,0
87.0,19,6,97.6,0.891,0,7.5,1327,1,0
18.08,10,3,16.01,1.129,0,29.8,1539,0,0
132.71,14,3,109.39,1.213,0,8.3,80,0,0
18.14,8,6,13.38,1.356,1,4.2,98,0,0
6.37,14,3,10.0,0.637,0,6.9,469,0,0
19.47,21,6,21.96,0.887,0,59.8,1896,0,0
46.92,13,3,52.95,0.886,0,21.1,605,0,0
1715.77,4,9,449.37,3.818,1,1917.7,17,3,1
38.33,11,3,34.0,1.128,0,1.2,665,0,0
18.31,14,5,16.07,1.139,0,42.6,155,0,0
65.51,5,5,77.81,0.842,0,6.7,1768,0,0
97.37,17,2,120.2,0.81,0,9.7,1151,0,0
28.05,19,4,19.96,1.405,0,11.7,346,0,0
412.49,18,3,331.92,1.243,0,7.0,1374,0,0
35.37,16,2,29.53,1.198,0,9.4,841,0,0
432.12,13,2,344.16,1.256,0,5.5,1107,0,0
317.05,12,4,230.02,1.378,0,17.6,391,0,0
24.49,7,4,25.1,0.975,0,21.6,204,0,0
18.51,5,3,23.27,0.795,0,21.2,1571,1,0
73.24,12,4,68.48,1.069,1,22.0,1259,0,0
7.09,13,3,10.0,0.709,0,21.7,1615,0,0
39.57,13,2,42.18,0.938,0,8.0,48,0,0
141.47,19,3,194.26,0.728,0,4.8,721,0,0
25.77,10,7,26.71,0.965,0,5.0,329,0,0
41.38,9,2,37.98,1.09,0,3.7,1789,0,0
226.76,19,9,326.96,0.694,1,2920.8,27,2,1
88.54,17,4,57.1,1.551,0,37.6,1542,0,0
34.44,8,4,35.68,0.965,1,18.2,1964,1,0
58.7,12,6,94.3,0.622,0,4.0,624,0,0
97.67,7,8,107.0,0.913,0,34.8,406,0,0
12.67,11,3,10.25,1.236,0,2.6,82,0,0
21.34,8,2,14.31,1.492,0,57.8,105,0,0
27.04,21,3,28.75,0.941,0,14.7,1455,0,0
19.65,18,3,19.82,0.991,0,9.6,1303,0,0
21.75,11,4,16.29,1.335,0,19.4,1766,0,0
63.51,8,1,59.08,1.075,0,10.3,657,0,0
79.14,13,6,76.34,1.037,0,0.1,962,0,0
96.27,12,3,117.58,0.819,0,5.8,54,0,0
24.6,13,1,17.51,1.405,0,2.0,382,0,0
146.9,17,3,108.97,1.348,0,31.4,38,0,0
141.74,10,2,108.98,1.301,0,22.5,1135,0,0
178.57,10,1,140.77,1.269,0,3.1,1687,0,0
29.09,12,3,12.87,2.26,0,13.9,477,0,0
52.8,18,5,47.95,1.101,0,30.9,1903,0,0
52.49,7,3,53.79,0.976,0,70.6,246,0,0
65.34,9,2,65.99,0.99,0,4.6,585,0,0
68.31,8,5,36.52,1.87,1,7.8,1436,0,0
882.4,3,8,44.75,19.718,1,1219.0,12,5,1
29.85,7,6,29.54,1.01,0,8.3,1421,0,0
437.61,19,2,488.64,0.896,1,0.5,1904,0,0
53.53,1,3,77.48,0.691,0,40.2,561,0,0
9.46,8,2,10.4,0.91,0,37.6,142,0,0
40.2,7,5,45.0,0.893,0,9.6,672,0,0
108.49,12,3,134.37,0.807,0,12.5,1414,0,0
29.9,17,1,30.52,0.98,0,0.8,849,0,0
242.09,18,5,272.71,0.888,0,7.9,1015,0,0
63.55,9,3,61.15,1.039,0,14.3,1988,0,0
18.15,11,5,27.16,0.668,0,8.8,715,0,0
88.78,7,1,109.32,0.812,1,28.5,1194,0,0
255.32,15,3,267.92,0.953,0,21.2,366,0,0
34.83,13,3,39.08,0.891,0,19.0,1562,0,0
71.92,13,2,61.33,1.173,0,8.6,1494,0,0
313.65,11,2,300.64,1.043,0,0.6,1007,0,0
128.86,13,3,112.79,1.143,0,12.3,68,0,0
64.3,18,3,92.45,0.695,1,10.3,1147,0,0
143.13,1,7,85.51,1.674,0,4.9,939,0,0
87.6,11,1,63.62,1.377,0,6.7,1105,0,0
11.96,16,1,12.89,0.928,0,0.4,1072,1,0
221.29,20,7,100.45,2.203,0,1358.5,49,1,1
115.22,10,1,127.81,0.902,0,53.8,565,0,0
347.66,23,12,73.74,4.715,1,414.0,11,3,1
134.67,13,1,156.58,0.86,0,19.4,1120,0,0
48.03,12,1,47.3,1.015,0,23.1,186,0,0
155.84,10,1,146.21,1.066,0,25.8,1887,0,0
87.97,9,2,92.49,0.951,0,5.2,1336,0,0
85.2,8,3,100.49,0.848,0,22.0,1209,0,0
84.64,19,2,53.84,1.572,0,20.8,1718,0,0
56.12,10,6,70.87,0.792,0,54.8,861,0,0
13.36,9,4,18.75,0.713,0,1.5,454,0,0
6.04,10,3,10.0,0.604,0,14.9,1891,0,0
37.17,13,2,47.2,0.788,0,1.1,145,0,0
134.38,13,2,200.89,0.669,0,20.3,115,0,0
41.67,13,2,24.52,1.7,1,51.2,1530,0,0
828.91,0,7,200.94,4.125,0,1294.7,67,5,1
49.23,4,4,65.51,0.752,0,3.1,1132,0,0
17.49,19,3,10.62,1.647,0,8.7,1102,0,0
281.05,8,1,326.16,0.862,0,11.6,1529,0,0
266.68,13,4,417.14,0.639,0,19.0,352,1,0
40.03,8,4,56.27,0.711,1,11.2,1558,0,0
32.48,15,3,49.21,0.66,0,12.1,1002,0,0
32.61,11,3,30.23,1.079,0,2.4,1216,0,0
60.48,17,5,11.33,5.336,0,9.0,191,0,0
185.03,8,2,272.36,0.679,1,13.2,978,0,0
11.43,12,3,12.26,0.933,0,10.9,1491,0,0
25.34,11,7,29.61,0.856,0,11.4,1265,0,0
315.03,16,5,201.88,1.56,0,1.0,1585,0,0
121.55,9,2,114.07,1.066,1,15.7,1768,0,0
5.05,17,2,10.0,0.505,0,0.3,1471,0,0
6.65,22,3,10.0,0.665,0,7.6,587,0,0
80.79,13,1,106.63,0.758,0,10.7,1346,0,0
6.14,15,3,10.0,0.614,0,8.6,487,0,0
120.35,18,2,111.29,1.081,0,13.7,92,0,0
58.91,20,1,72.35,0.814,0,4.9,1793,0,0
164.07,9,2,233.34,0.703,0,18.0,1715,0,0
155.47,8,4,161.71,0.961,0,19.1,825,0,0
48.41,14,2,46.2,1.048,0,3.5,1387,0,0
8.7,6,4,10.0,0.87,0,9.7,1173,0,0
47.47,7,1,42.17,1.126,0,3.5,1482,0,0
63.69,12,3,60.19,1.058,0,5.2,340,0,0
18.14,12,4,13.19,1.375,0,2.8,83,0,0
1854.37,1,11,50.15,36.98,1,667.6,98,0,1
14.67,13,2,18.03,0.814,0,17.3,349,0,0
178.22,14,2,187.17,0.952,0,2.3,470,0,0
88.03,7,3,70.88,1.242,1,15.7,460,0,0
11.35,11,5,13.22,0.858,0,4.5,1867,0,0
191.34,12,2,182.15,1.05,0,1.2,329,0,0
38.21,6,3,40.62,0.941,0,0.4,1663,0,0
13.25,5,3,11.96,1.107,0,3.5,467,0,0
79.35,16,4,73.8,1.075,0,2.1,1512,0,0
193.99,9,1,162.24,1.196,0,5.3,657,0,0
90.51,10,3,76.83,1.178,1,28.7,69,0,0
27.57,18,3,24.47,1.127,0,6.4,1875,2,0
19.02,15,2,19.81,0.96,0,14.9,146,0,0
22.93,12,1,18.13,1.265,0,55.0,1289,0,0
75.34,15,2,93.26,0.808,0,4.8,432,0,0
30.23,9,3,36.41,0.83,0,37.5,739,0,0
8.01,13,3,10.0,0.801,0,3.5,980,0,0
59.11,10,2,55.29,1.069,0,2.2,1196,0,0
47.67,17,5,50.84,0.938,0,14.2,1101,0,0
51.43,2,5,60.65,0.848,0,7.5,1315,0,0
7.76,9,5,10.99,0.706,0,45.1,923,0,0
10.24,9,4,10.0,1.024,0,13.0,576,0,0
69.58,13,7,80.42,0.865,0,15.9,800,0,0
6.85,17,6,10.0,0.685,0,66.3,1608,0,0
122.98,16,2,148.26,0.83,0,2.7,278,0,0
24.95,11,1,27.65,0.903,0,29.2,895,0,0
113.41,16,2,114.03,0.995,0,5.4,359,0,0
37.88,18,3,35.76,1.059,0,11.3,1421,0,0
139.75,17,2,117.47,1.19,0,1.1,289,0,0
37.97,16,2,27.41,1.385,0,5.3,836,0,0
9.35,6,3,10.0,0.935,0,8.5,769,0,0
93.07,10,2,94.18,0.988,0,5.4,1903,0,0
12.17,13,3,10.0,1.217,0,0.6,246,1,0
20.89,8,1,20.57,1.015,0,19.1,1895,0,0
47.02,5,7,38.72,1.214,0,0.8,1474,0,0
86.75,9,4,139.97,0.62,0,19.0,1977,0,0
42.88,10,2,37.86,1.132,0,0.9,187,0,0
37.93,15,5,51.45,0.737,0,38.2,1095,0,0
30.32,13,3,35.41,0.856,0,14.8,1900,0,0
22.87,11,5,24.04,0.951,0,13.0,1305,0,0
98.52,13,6,83.35,1.182,0,10.6,854,0,0
5.33,14,1,10.0,0.533,0,3.3,1568,0,0
93.43,8,2,79.9,1.169,0,13.2,463,0,0
948.59,21,9,246.14,3.854,0,281.2,66,0,1
42.81,9,1,47.16,0.908,0,18.3,46,1,0
10.73,16,4,15.71,0.683,0,2.0,911,0,0
13.05,6,2,10.0,1.305,0,1.2,1800,0,0
45.1,10,1,36.82,1.225,0,2.3,683,0,0
76.63,12,2,66.73,1.148,0,18.2,1215,0,0
42.26,14,5,67.88,0.623,0,21.0,1532,0,0
12.29,10,2,10.55,1.165,0,0.1,408,0,0
12.97,19,3,10.0,1.297,0,0.4,1232,0,0
42.0,5,3,33.43,1.256,0,24.8,834,0,0
1559.71,12,16,42.17,36.988,0,1160.6,52,2,1
98.63,9,1,109.16,0.904,0,5.1,1464,0,0
15.45,19,1,11.35,1.361,0,35.2,1974,0,0
35.06,15,4,30.83,1.137,1,8.2,1359,0,0
26.75,10,2,17.09,1.566,0,5.5,853,0,0
11.01,17,1,10.94,1.006,1,1.6,1492,0,0
77.59,22,4,85.24,0.91,1,19.9,1279,0,0
168.58,13,3,192.06,0.878,0,9.3,424,0,0
10.17,17,4,10.18,1.0,0,13.4,1744,0,0
22.75,9,3,19.02,1.196,0,11.6,585,0,0
2894.2,11,10,105.18,27.517,1,1294.1,45,3,1
92.72,13,4,121.84,0.761,0,4.3,264,0,0
37.22,11,5,23.21,1.603,0,8.1,636,0,0
6.93,11,2,10.0,0.693,0,5.9,911,0,0
17.56,14,4,26.9,0.653,0,4.5,144,0,0
818.02,7,7,126.03,6.491,0,292.1,2,3,1
5.99,18,1,10.0,0.599,0,25.6,1577,0,0
298.52,18,2,395.25,0.755,0,17.8,748,0,0
294.37,3,7,43.6,6.751,1,1613.8,51,3,1
172.39,21,1,197.6,0.872,0,5.8,1784,0,0
174.18,20,5,174.05,1.001,0,4.6,764,0,0
294.68,14,2,295.92,0.996,0,13.1,206,0,0
80.29,12,2,97.88,0.82,0,0.4,1956,0,0
162.68,16,1,173.98,0.935,1,12.3,1693,1,0
7.07,16,2,10.0,0.707,0,18.5,593,0,0
50.44,11,5,38.46,1.311,0,24.7,1836,0,0
164.12,14,3,117.86,1.393,0,19.7,1822,0,0
6.7,18,3,10.0,0.67,0,12.3,1821,0,0
70.5,18,3,56.76,1.242,0,11.7,1860,0,0
88.51,14,3,129.71,0.682,0,6.1,860,0,0
59.51,17,2,63.0,0.945,0,10.3,1104,0,0
31.85,13,3,43.66,0.73,0,4.1,1148,0,0
29.87,8,2,16.92,1.765,0,1.3,225,0,0
80.5,7,1,91.69,0.878,0,1.4,1798,0,0
125.49,6,8,66.13,1.898,0,12.9,565,0,0
13.82,11,4,11.69,1.182,0,12.5,772,0,0
57.18,11,3,63.0,0.908,0,13.0,789,0,0
62.2,10,6,66.09,0.941,0,9.1,1037,0,0
102.09,7,3,68.09,1.499,0,0.2,1102,0,0
108.26,13,4,42.46,2.55,0,36.4,1419,2,0
25.83,4,2,22.37,1.154,0,39.2,1461,0,0
15.42,14,4,12.84,1.201,0,13.4,338,0,0
44.71,10,2,37.7,1.186,0,17.7,863,0,0
335.64,7,6,30.21,11.109,1,1454.3,74,5,1
20.48,9,3,20.72,0.988,0,3.5,431,0,0
5.43,12,1,10.0,0.543,0,7.6,1505,0,0
64.34,8,2,55.08,1.168,0,26.4,332,0,0
69.83,12,5,67.21,1.039,0,5.6,1896,0,0
55.12,16,2,31.9,1.728,0,37.7,1061,0,0
9.4,7,5,11.02,0.853,0,25.9,184,0,0
77.58,10,2,65.54,1.184,0,0.5,785,0,0
315.66,10,2,234.4,1.347,0,92.8,1301,0,0
14.84,7,1,15.89,0.934,0,1.8,1409,1,0
44.18,18,5,33.41,1.322,0,2.2,1828,0,0
52.34,12,4,65.21,0.803,0,22.4,992,0,0
39.36,12,5,41.79,0.942,1,12.2,244,0,0
159.05,18,2,130.41,1.22,1,3.4,586,0,0
118.51,7,3,165.11,0.718,0,9.8,214,0,0
16.96,10,2,22.12,0.767,0,52.2,500,0,0
123.79,9,5,117.05,1.058,0,11.2,471,1,0
2236.48,21,7,35.81,62.451,1,4640.6,6,2,1
6.08,10,2,10.0,0.608,0,9.1,916,0,0
35.19,6,6,38.06,0.925,0,15.5,1191,0,0
144.17,15,3,193.73,0.744,0,28.5,304,0,0
9.49,11,3,10.0,0.949,0,10.2,1353,0,0
31.36,10,4,16.23,1.932,0,11.0,70,0,0
235.93,23,11,78.47,3.007,1,1151.0,68,3,1
54.17,5,2,77.49,0.699,0,16.8,1513,0,0
63.52,7,4,68.2,0.931,0,10.2,654,0,0
29.5,14,3,25.3,1.166,0,20.9,30,0,0
9.49,15,3,10.0,0.949,0,4.8,1485,0,0
47.52,16,3,45.4,1.047,0,63.5,1145,0,0
51.26,18,3,63.52,0.807,0,5.6,1667,0,0
156.47,12,4,130.89,1.195,0,16.6,804,0,0
44.34,21,4,46.78,0.948,0,41.1,1775,0,0
31.46,8,3,25.73,1.222,0,28.2,1393,0,0
293.07,18,2,345.85,0.847,0,6.4,837,0,0
9.86,11,3,10.0,0.986,0,23.6,303,0,0
74.02,11,3,74.38,0.995,0,17.7,1417,0,0
10.63,10,4,10.0,1.063,0,5.1,629,0,0
7.53,20,6,10.0,0.753,0,5.5,361,0,0
1050.17,21,8,100.14,10.487,0,2785.2,8,4,1
18.23,10,2,16.29,1.119,0,6.7,1188,0,0
143.4,9,2,149.79,0.957,0,37.5,359,0,0
20.06,14,1,16.17,1.241,0,6.5,98,0,0
28.47,17,2,31.51,0.903,0,21.1,981,0,0
18.11,11,3,12.08,1.499,0,6.9,588,0,0
16.03,20,1,11.79,1.36,0,1.9,1062,0,0
30.24,13,4,22.2,1.362,0,7.8,1287,1,0
30.99,12,3,32.14,0.964,0,3.6,1207,0,0
11.34,1,1,13.56,0.836,0,29.2,1945,0,0
27.35,14,3,21.69,1.261,0,0.2,219,0,0
75.3,8,1,53.44,1.409,0,3.3,505,0,0
64.68,16,2,26.91,2.404,0,10.1,949,0,0
374.38,12,8,24.23,15.451,0,1326.5,39,0,1
34.51,13,3,47.76,0.723,0,3.2,1830,0,0
25.33,10,1,30.64,0.827,0,4.7,1804,1,0
33.19,10,6,12.93,2.567,0,3.6,996,0,0
1647.2,0,8,96.87,17.004,0,1235.7,114,5,1
527.0,16,8,407.03,1.295,1,366.8,32,2,1
68.28,21,2,76.03,0.898,0,18.7,894,0,0
17.89,13,5,11.31,1.582,0,6.4,1057,0,0
23.86,12,4,25.78,0.925,0,17.3,1024,0,0
23.47,11,3,35.26,0.665,0,2.9,1219,0,0
85.33,9,6,99.77,0.855,0,16.1,199,0,0
534.03,21,13,90.47,5.903,1,949.0,48,3,1
152.53,7,2,132.12,1.154,0,50.4,1536,0,0
21.86,15,5,26.38,0.829,0,40.6,1079,0,0
55.89,11,4,63.94,0.874,0,13.8,1309,2,0
45.57,17,4,43.51,1.047,0,25.4,1353,0,0
262.59,10,3,307.03,0.855,0,16.5,1895,0,0
66.03,8,3,61.28,1.078,1,2.7,231,0,0
29.02,18,2,37.02,0.784,0,3.0,1453,0,0
120.75,12,3,94.9,1.272,0,18.3,1108,0,0
65.76,15,3,67.43,0.975,0,35.3,1111,0,0
47.74,18,2,54.51,0.876,0,28.6,1290,0,0
58.11,1,2,64.73,0.898,0,12.1,691,0,0
39.39,13,3,50.36,0.782,0,18.2,744,0,0
20.67,11,4,27.03,0.765,0,0.3,1029,0,0
249.66,2,7,130.9,1.907,1,401.8,11,4,1
20.98,22,5,21.77,0.963,0,1.4,580,0,0
245.22,6,9,130.05,1.886,1,2383.8,4,2,1
275.92,12,3,313.54,0.88,0,4.5,476,0,0
62.1,4,1,45.06,1.378,0,9.2,964,0,0
222.21,17,4,233.14,0.953,0,43.0,1947,0,0
804.48,0,7,68.76,11.699,0,1320.0,55,5,1
14.38,18,2,14.49,0.992,0,4.5,758,0,0
88.81,16,3,113.73,0.781,0,9.4,1318,0,0
70.28,17,3,65.7,1.07,0,17.6,1251,1,0
124.86,12,2,141.69,0.881,0,23.5,997,0,0
88.83,17,2,63.06,1.409,0,10.9,155,0,0
48.17,11,1,15.0,3.212,0,1.3,534,0,0
26.54,4,1,23.21,1.143,0,18.7,528,0,0
60.28,8,4,67.25,0.896,0,11.1,247,0,0
101.76,23,2,148.8,0.684,1,32.2,1615,0,0
5.38,14,2,10.0,0.538,0,24.4,108,0,0
14.72,14,2,18.35,0.802,0,22.5,1966,0,0
71.85,19,4,83.17,0.864,0,15.1,924,0,0
251.55,5,5,305.97,0.822,0,17.1,957,0,0
29.49,15,3,32.37,0.911,0,18.8,381,0,0
55.87,21,3,53.82,1.038,0,10.9,1099,0,0
28.5,10,3,34.38,0.829,0,18.8,832,0,0
140.1,5,2,144.02,0.973,1,1.6,1650,0,0
59.26,9,7,54.35,1.09,0,21.4,864,0,0
12.99,9,2,11.26,1.154,0,9.4,369,0,0
18.19,6,5,14.09,1.29,0,18.0,608,0,0
115.28,11,3,117.78,0.979,0,6.9,1929,1,0
24.77,10,3,21.78,1.137,0,11.1,1711,0,0
21.35,5,3,11.81,1.808,0,29.1,90,0,0
27.23,14,2,21.85,1.246,0,8.7,148,0,0
414.3,4,12,200.05,2.071,1,496.6,10,5,1
5.83,11,2,10.0,0.583,0,48.9,527,0,0
8.31,15,4,10.0,0.831,0,4.0,686,0,0
69.63,14,4,100.62,0.692,0,2.2,1310,0,0
737.41,1,14,125.98,5.854,1,3403.3,70,2,1
80.93,16,3,64.62,1.252,0,21.7,1697,0,0
144.02,13,3,157.23,0.916,0,38.6,730,0,0
55.84,6,2,55.26,1.01,0,1.5,386,0,0
2064.71,20,9,50.91,40.554,0,1061.5,24,4,1
82.31,9,6,61.51,1.338,1,2.2,1815,0,0
34.28,13,3,42.56,0.805,0,30.3,1050,0,0
91.23,16,4,85.65,1.065,0,24.9,785,0,0
141.06,16,2,93.18,1.514,0,38.7,1299,0,0
53.4,14,2,50.06,1.067,0,16.2,1266,0,0
125.25,19,3,125.11,1.001,1,20.0,1636,0,0
54.62,14,4,20.1,2.717,0,12.4,656,0,0
30.91,10,1,30.42,1.016,0,15.1,621,2,0
28.92,8,4,30.27,0.955,0,15.8,1437,0,0
98.97,14,6,110.23,0.898,0,6.5,285,0,0
27.9,6,3,37.87,0.737,0,2.7,833,0,0
75.74,12,1,81.18,0.933,0,11.2,691,0,0
122.61,14,3,88.75,1.382,0,25.0,1384,0,0
324.72,3,7,176.83,1.836,1,1486.5,61,4,1
14.38,10,3,10.82,1.329,0,32.4,1533,0,0
13.78,4,1,22.27,0.619,0,5.0,770,0,0
81.12,11,3,118.54,0.684,0,1.7,905,0,0
40.32,3,3,40.01,1.008,0,11.6,1000,0,0
30.69,13,2,33.71,0.911,0,5.9,1269,0,0
132.49,14,4,146.12,0.907,0,16.6,210,0,0
127.86,5,3,166.82,0.766,0,27.9,1131,0,0
630.59,23,8,168.8,3.736,1,440.7,52,0,1
20.27,21,1,11.72,1.729,0,0.4,88,0,0
10.1,6,2,10.0,1.01,0,14.5,54,0,0
65.8,9,2,56.42,1.166,1,7.3,403,0,0
9.83,13,4,11.23,0.875,0,8.2,1877,0,0
1424.71,2,14,81.03,17.582,0,1879.3,141,4,1
208.72,4,5,210.86,0.99,0,3.7,1669,0,0
422.13,8,1,476.46,0.886,0,8.7,1838,0,0
113.43,13,3,130.07,0.872,0,15.0,1754,0,0
122.98,13,3,144.82,0.849,0,26.0,203,0,0
72.85,12,1,64.13,1.136,0,10.6,1820,1,0
2426.95,2,5,70.93,34.214,1,495.5,66,1,1
46.53,10,5,29.99,1.551,0,42.3,1364,0,0
12.0,5,3,10.0,1.2,0,3.4,942,0,0
28.58,17,3,43.3,0.66,0,15.3,651,0,0
897.84,12,9,67.32,13.336,0,475.5,30,4,1
7.81,7,3,10.0,0.781,0,9.2,1351,0,0
84.04,7,2,82.22,1.022,0,7.5,1196,0,0
185.29,10,1,120.88,1.533,0,2.4,1849,0,0
333.98,6,15,125.98,2.651,1,786.8,70,3,1
32.09,10,2,25.1,1.278,0,7.0,1206,0,0
32.26,9,5,20.4,1.581,0,8.8,1260,0,0
9.93,16,4,11.17,0.89,0,8.3,1298,0,0
174.82,20,1,128.88,1.356,1,15.8,1672,0,0
25.4,8,4,28.39,0.895,0,11.3,523,0,0
43.04,12,2,47.25,0.911,0,27.7,1778,0,0
66.02,14,2,76.31,0.865,0,12.3,663,0,0
29.02,6,5,29.54,0.982,0,31.3,1549,0,0
68.9,19,3,64.37,1.07,0,1.0,689,0,0
225.71,18,2,277.86,0.812,0,1.1,1611,0,0
87.02,13,2,125.34,0.694,0,5.2,1366,0,0
50.08,12,5,64.37,0.778,0,4.5,1282,0,0
31.38,15,3,26.87,1.168,0,5.5,971,0,0
413.73,3,10,137.41,3.011,1,1414.7,202,3,1
18.95,12,4,20.18,0.939,0,3.6,1954,0,0
20.56,19,3,20.45,1.006,0,3.4,1459,0,0
156.35,21,3,181.1,0.863,0,3.5,1992,1,0
127.21,19,2,156.16,0.815,0,4.5,810,0,0
40.96,8,5,37.47,1.093,0,4.1,1181,0,0
267.78,7,3,252.76,1.059,1,38.3,1891,0,0
23.59,10,2,36.14,0.653,0,30.9,357,1,0
425.66,6,2,615.57,0.691,0,4.4,479,0,0
57.46,14,2,75.99,0.756,0,9.4,841,0,0
66.2,11,3,42.08,1.573,0,1.0,932,0,0
85.07,14,5,81.64,1.042,0,24.7,253,0,0
101.4,20,3,77.43,1.31,0,1.6,1560,0,0
44.56,17,4,64.87,0.687,0,12.9,155,0,0
62.77,7,3,61.57,1.019,0,38.5,1648,0,0
16.36,16,6,18.59,0.88,0,12.6,482,0,0
22.83,12,3,24.67,0.926,0,23.3,1020,2,0
1531.12,3,10,67.64,22.637,0,575.7,11,2,1
93.48,13,4,101.49,0.921,1,17.8,1053,0,0
104.79,8,1,72.24,1.451,0,20.6,1374,0,0
238.85,19,14,68.19,3.503,1,2132.8,60,1,1
80.88,14,2,42.13,1.92,0,15.1,46,0,0
8.12,15,3,10.0,0.812,0,28.8,1969,0,0
1525.52,22,8,29.04,52.523,1,209.3,4,2,1
26.11,18,3,26.16,0.998,0,14.8,1942,0,0
5.83,15,3,10.0,0.583,0,2.8,528,0,0
107.79,6,1,126.23,0.854,1,18.0,1635,0,0
78.49,9,2,100.71,0.779,0,26.4,1058,0,0
45.8,15,3,44.09,1.039,0,5.3,1164,0,0
32.34,13,3,42.66,0.758,0,10.9,1629,0,0
33.59,9,5,28.52,1.178,0,27.8,781,0,0
72.81,10,2,91.54,0.795,0,57.6,1828,0,0
31.06,4,2,38.03,0.817,1,6.9,1054,0,0
181.82,13,2,168.9,1.076,0,88.8,1791,0,0
89.25,11,2,119.77,0.745,0,14.5,1861,0,0
77.82,13,5,74.21,1.049,0,23.1,1029,0,0
30.57,16,2,39.21,0.78,0,13.1,1937,0,0
74.99,16,3,46.67,1.607,1,1.4,668,1,0
15.23,17,6,12.89,1.181,0,11.2,1892,0,0
34.64,12,2,28.85,1.201,0,37.0,1573,0,0
106.17,7,2,110.09,0.964,0,7.9,288,0,0
106.51,15,1,87.68,1.215,0,14.7,323,0,0
60.27,18,4,45.72,1.318,0,15.2,1186,0,0
279.87,10,3,250.49,1.117,1,7.3,1389,0,0
84.09,8,2,35.39,2.376,0,4.8,218,0,0
238.46,16,5,182.36,1.308,0,6.5,886,0,0
95.54,10,1,101.29,0.943,0,18.1,1576,0,0
54.26,10,3,54.74,0.991,0,44.2,379,0,0
41.59,11,2,50.13,0.83,1,1.2,1469,0,0
99.36,12,5,128.72,0.772,1,2.6,852,0,0
125.07,19,3,81.81,1.529,0,9.4,1375,0,0
95.94,3,4,134.5,0.713,0,2.4,559,0,0
459.31,10,8,32.3,14.218,1,973.1,112,5,1
203.53,13,1,243.48,0.836,0,2.9,546,0,0
5.82,13,3,10.0,0.582,0,0.4,101,0,0
158.45,14,3,171.74,0.923,0,27.1,143,0,0
28.0,7,4,28.19,0.993,0,5.9,1104,0,0
40.82,20,4,58.01,0.704,0,3.6,1132,0,0
17.07,17,2,11.37,1.501,1,3.1,1978,0,0
32.35,10,1,30.17,1.072,0,4.9,1179,0,0
85.19,9,2,89.6,0.951,0,6.6,1799,0,0
103.09,13,2,105.59,0.976,0,0.7,1751,0,0
27.24,10,1,32.05,0.85,0,5.7,723,1,0
101.23,14,2,95.83,1.056,0,26.9,1870,0,0
59.95,16,2,60.98,0.983,0,0.1,270,0,0
69.56,15,8,84.89,0.82,0,11.6,1318,1,0
82.84,9,3,86.07,0.963,0,3.7,925,0,0
20.87,13,6,21.89,0.953,0,0.4,220,0,0
3803.73,20,5,31.57,120.501,1,3718.2,38,2,1
38.29,11,2,44.3,0.864,1,2.7,1181,0,0
22.34,20,7,31.63,0.706,0,5.8,1054,0,0
118.52,9,1,94.43,1.255,0,18.7,1636,0,0
51.11,23,1,53.75,0.951,0,22.1,1068,0,0
390.46,12,2,440.2,0.887,0,14.1,1042,0,0
17.41,12,5,13.35,1.305,0,2.1,1406,0,0
74.81,11,2,66.08,1.132,0,5.3,1410,0,0
40.2,20,2,34.65,1.16,0,0.5,1441,0,0
54.47,13,4,75.6,0.721,0,9.6,1729,0,0
103.02,10,7,89.63,1.149,0,14.3,363,0,0
57.38,9,5,57.75,0.994,0,20.8,667,0,0
144.42,16,5,128.28,1.126,0,17.9,1179,0,0
28.8,7,2,22.94,1.255,0,7.6,1401,0,0
28.7,4,2,31.82,0.902,0,2.9,680,0,0
22.57,4,4,17.36,1.3,1,31.8,682,0,0
138.51,15,3,98.41,1.407,0,1.1,1820,0,0
14.26,12,4,11.25,1.268,0,15.9,1819,0,0
110.26,20,1,100.56,1.096,0,36.0,590,0,0
62.56,10,3,54.64,1.145,0,9.0,1638,0,0
1661.74,2,8,20.37,81.573,1,486.9,74,1,1
67.56,11,4,74.54,0.906,0,9.7,846,0,0
51.16,11,8,56.83,0.9,0,3.7,1199,0,0
175.63,8,2,129.75,1.354,0,1.2,1011,0,0
183.59,17,3,170.29,1.078,0,40.6,477,0,0
94.6,7,4,120.91,0.782,0,20.8,597,0,0
49.71,20,3,60.83,0.817,0,12.8,119,0,0
105.63,13,4,66.99,1.577,0,16.5,208,1,0
102.78,12,5,97.6,1.053,0,8.4,1492,0,0
62.17,8,3,61.9,1.004,1,3.2,1241,0,0
73.41,16,3,64.29,1.142,0,9.4,1584,0,0
154.87,18,6,197.67,0.783,0,7.0,1046,0,0
677.72,20,9,55.17,12.284,1,1004.8,67,3,1
96.45,6,5,95.37,1.011,0,6.5,1907,0,0
23.43,8,5,18.92,1.238,0,23.3,112,0,0
111.85,16,5,94.79,1.18,0,43.4,1104,0,0
9.82,12,1,10.01,0.98,0,27.2,47,2,0
649.31,2,9,25.2,25.771,1,255.5,43,2,1
101.03,12,4,130.44,0.775,0,3.9,1699,0,0
1387.37,1,9,37.61,36.885,0,1176.0,8,1,1
74.41,20,2,75.36,0.987,0,12.7,1215,0,0
6.59,9,2,10.0,0.659,0,10.4,1195,0,0
26.48,13,1,35.72,0.741,0,2.2,864,0,0
38.59,11,5,11.03,3.497,0,23.7,1137,0,0
250.6,19,3,332.77,0.753,0,10.4,1254,0,0
154.27,19,1,182.81,0.844,1,15.2,1582,0,0
599.08,22,5,643.3,0.931,1,1996.4,124,1,1
933.8,18,7,134.19,6.959,1,498.6,23,5,1
108.62,14,2,126.1,0.861,0,5.8,943,0,0
154.83,10,6,143.07,1.082,1,12.9,1337,0,0
54.86,10,2,41.61,1.318,0,2.0,1171,0,0
28.46,12,2,29.4,0.968,0,6.6,1019,0,0
84.16,15,1,75.72,1.111,0,3.8,1029,0,0
36.15,13,3,37.77,0.957,0,15.1,1074,0,0
881.0,7,9,53.63,16.428,1,356.3,18,5,1
22.48,19,2,18.46,1.218,0,6.4,1429,0,0
35.97,16,3,33.08,1.087,0,26.5,476,0,0
115.76,7,1,140.57,0.824,0,10.6,1218,0,0
31.9,20,3,33.25,0.959,0,18.1,1261,1,0
205.09,23,11,249.74,0.821,1,774.0,56,0,1
26.89,10,4,27.31,0.984,0,5.8,382,0,0
84.09,21,4,101.88,0.825,0,25.2,1983,0,0
91.23,10,1,125.66,0.726,1,13.3,1701,0,0
102.02,15,5,121.78,0.838,0,13.3,716,0,0
19.18,10,5,19.29,0.995,0,30.0,1371,0,0
17.83,14,4,12.77,1.397,0,18.2,981,0,0
115.52,13,4,126.01,0.917,0,18.4,289,0,0
48.09,15,3,53.16,0.905,0,32.3,968,0,0
11.67,7,2,10.0,1.167,0,8.4,1600,0,0
332.32,11,4,191.33,1.737,0,26.7,791,0,0
70.09,15,3,89.21,0.786,0,1.0,1686,0,0
162.03,16,2,139.29,1.163,0,4.9,1001,0,0
258.71,15,3,193.66,1.336,0,10.9,1599,0,0
16.38,9,3,12.25,1.337,0,29.5,1747,0,0
121.91,11,3,138.24,0.882,0,10.8,142,0,0
13.74,22,2,15.73,0.874,0,28.0,1827,0,0
24.15,12,5,33.5,0.721,0,1.2,1761,0,0
1230.62,11,10,46.3,26.581,1,272.2,279,1,1
19.35,14,3,24.26,0.797,0,1.3,1030,2,0
35.62,11,3,45.86,0.777,0,2.4,1084,0,0
105.0,9,3,120.26,0.873,0,6.5,251,0,0
266.54,12,1,237.98,1.12,0,74.8,185,0,0
7.4,11,1,10.0,0.74,1,2.1,1356,0,0
132.36,8,2,119.99,1.103,0,19.0,1909,0,0
5.74,16,2,10.0,0.574,0,2.1,1017,0,0
239.18,12,14,76.7,3.118,1,647.6,30,1,1
47.43,6,5,20.49,2.315,0,13.7,352,0,0
11.63,12,3,11.14,1.043,1,22.6,588,0,0
202.07,9,5,168.8,1.197,0,3.0,412,0,0
34.51,12,5,38.07,0.907,0,2.0,1764,0,0
44.53,6,4,52.89,0.842,0,1.4,1481,0,0
38.11,11,4,50.05,0.761,0,13.1,1369,0,0
156.18,8,5,81.95,1.906,0,12.5,714,0,0
48.3,13,2,36.62,1.319,0,0.6,1874,0,0
134.71,15,3,157.5,0.855,0,5.9,333,0,0
39.95,11,3,27.87,1.434,0,25.9,1307,0,0
224.93,17,5,213.51,1.054,0,3.1,1043,0,0
13.45,11,3,10.89,1.235,0,2.4,1317,0,0
5.86,15,1,10.0,0.586,0,5.6,1036,0,0
16.57,6,1,12.02,1.379,0,2.1,348,0,0
207.65,15,4,187.16,1.109,0,3.6,1912,0,0
200.47,8,1,243.68,0.823,0,12.4,1124,0,0
94.49,8,2,92.73,1.019,0,50.0,1547,0,0
952.66,4,5,135.42,7.035,1,204.2,87,5,1
80.86,9,2,21.55,3.752,0,3.2,1284,0,0
84.63,16,4,105.67,0.801,0,8.5,68,0,0
23.75,10,1,13.09,1.815,0,6.9,218,0,0
15.31,9,3,15.11,1.013,0,9.2,542,0,0
901.68,4,8,181.83,4.959,1,1781.5,23,3,1
74.81,17,4,78.17,0.957,0,2.2,1162,0,0
56.06,12,2,56.72,0.988,0,28.0,1648,0,0
43.05,18,4,58.91,0.731,0,0.8,582,0,0
19.44,14,3,21.98,0.884,0,1.1,1749,1,0
59.8,10,1,65.06,0.919,0,12.0,1739,0,0
57.71,16,3,40.47,1.426,0,4.6,1426,0,0
26.33,7,3,25.1,1.049,0,20.1,1816,0,0
81.99,13,2,122.9,0.667,0,6.2,1185,0,0
39.83,13,1,50.57,0.788,0,22.7,614,0,0
45.16,11,5,66.02,0.684,0,18.0,1217,0,0
24.47,18,6,33.48,0.731,0,10.4,387,0,0
98.68,19,2,97.92,1.008,0,3.5,1257,0,0
11.48,18,1,14.22,0.807,0,13.8,354,0,0
9.84,8,4,11.06,0.89,0,2.5,893,0,0
277.26,13,1,268.84,1.031,0,1.5,221,0,0
166.42,13,2,202.21,0.823,0,9.6,56,0,0
82.64,0,3,79.17,1.044,0,5.4,1379,0,0
105.29,10,1,122.18,0.862,0,17.8,1824,0,0
14.16,18,1,18.82,0.752,0,14.7,294,0,0
8.21,12,3,10.0,0.821,0,8.8,271,0,0
137.13,12,2,108.7,1.261,0,25.7,1854,0,0
55.41,4,2,35.18,1.575,0,5.0,1797,0,0
33.42,8,5,36.29,0.921,1,7.2,924,0,0
158.07,16,4,167.74,0.942,0,23.7,1793,0,0
24.47,6,3,23.79,1.029,0,13.1,1868,0,0
74.08,19,4,61.61,1.202,0,7.1,1267,0,0
5.98,21,3,10.0,0.598,0,15.4,297,0,0
85.67,19,2,68.13,1.257,0,54.7,46,0,0
83.92,8,3,71.64,1.171,0,21.5,1920,0,0
6.85,10,3,10.0,0.685,0,9.4,578,0,0
53.93,17,4,41.29,1.306,0,3.9,841,0,0
109.33,11,2,120.74,0.905,0,3.0,1366,0,0
23.65,12,3,15.39,1.537,0,3.6,1931,0,0
149.84,10,3,96.92,1.546,1,14.4,1072,0,0
145.83,11,3,169.76,0.859,0,73.9,413,0,0
62.55,11,2,78.04,0.802,0,53.3,1841,0,0
54.34,20,1,50.49,1.076,0,31.5,1442,0,0
85.14,16,2,85.38,0.997,0,74.5,1048,0,0
147.85,14,3,121.58,1.216,0,40.5,1475,0,0
21.37,17,1,22.82,0.937,0,7.9,761,0,0
27.54,16,6,21.53,1.279,0,32.0,1384,0,0
288.93,12,1,316.17,0.914,0,51.5,1375,0,0
20.02,9,3,20.17,0.992,0,8.7,1697,0,0
16.26,10,5,17.34,0.938,0,3.3,1012,0,0
27.6,9,5,33.69,0.819,0,4.8,529,0,0
15.89,10,4,14.88,1.068,0,0.5,1472,0,0
1701.26,2,11,25.88,65.749,1,1255.3,42,2,1
96.23,7,1,116.34,0.827,0,17.1,1393,0,0
169.27,14,2,217.56,0.778,1,29.8,736,0,0
44.53,10,4,26.8,1.661,0,0.7,84,0,0
31.89,11,2,26.96,1.183,0,6.0,1790,0,0
52.44,14,3,60.58,0.866,0,2.6,1805,0,0
219.5,0,5,86.17,2.547,0,10.9,180,0,0
131.2,19,3,183.15,0.716,0,9.4,341,0,0
2589.1,20,7,46.15,56.103,1,2535.7,213,2,1
135.74,9,3,114.28,1.188,0,9.5,1048,0,0
36.38,17,4,12.23,2.974,0,18.8,1493,0,0
157.39,6,3,217.01,0.725,0,20.8,875,0,0
36.81,12,5,35.87,1.026,0,23.3,1559,0,0
43.04,14,2,45.13,0.954,0,9.3,697,0,0
56.27,17,2,62.59,0.899,0,8.5,1937,0,0
108.4,15,5,119.28,0.909,0,1.1,594,0,0
92.45,9,4,84.49,1.094,0,35.7,897,0,0
12.96,16,5,13.93,0.93,0,12.9,162,0,0
35.51,19,2,44.61,0.796,0,20.5,1879,0,0
39.67,9,3,47.04,0.843,0,12.3,502,0,0
84.87,17,4,99.33,0.854,0,12.5,1037,0,0
7.33,18,4,10.0,0.733,0,10.9,1066,0,0
8.31,7,5,10.0,0.831,0,6.5,1135,0,0
24.56,12,1,14.77,1.663,0,12.4,1980,0,0
13.35,11,1,19.02,0.702,0,2.9,1870,0,0
88.74,5,4,108.25,0.82,0,26.8,1636,0,0
350.79,18,4,379.19,0.925,0,21.9,958,0,0
412.59,0,5,176.18,2.342,1,3738.2,27,2,1
35.85,20,3,32.21,1.113,0,3.3,991,0,0
70.57,8,2,108.34,0.651,1,30.3,1449,0,0
55.92,12,5,44.82,1.248,0,3.8,208,0,0
114.44,9,5,144.22,0.793,0,10.8,367,0,0
56.74,13,2,68.71,0.826,0,40.6,1773,0,0
101.83,5,3,122.22,0.833,1,23.8,1198,0,0
48.24,9,6,51.29,0.941,0,7.1,1479,0,0
88.77,14,3,100.29,0.885,0,3.9,169,0,0
220.78,14,2,166.64,1.325,1,5.0,678,0,0
55.74,11,6,53.87,1.035,1,18.3,1107,0,0
57.87,20,4,64.78,0.893,1,6.5,1940,0,0
182.71,8,3,186.02,0.982,0,18.8,1099,1,0
43.5,6,4,55.33,0.786,0,7.8,362,0,0
79.45,12,4,56.97,1.394,0,10.0,1274,0,0
318.34,14,1,198.36,1.605,0,18.9,1214,0,0
159.62,20,2,179.63,0.889,0,7.0,428,0,0
13.06,18,3,10.0,1.306,0,19.4,1141,0,0
25.33,15,8,17.74,1.428,0,34.0,158,0,0
36.81,7,4,30.45,1.209,0,4.5,1169,0,0
141.11,9,4,151.0,0.934,0,5.5,328,0,0
47.62,8,4,57.84,0.823,0,45.8,1426,0,0
8.6,18,3,10.0,0.86,0,16.8,601,0,0
57.84,11,4,68.06,0.85,0,0.8,67,0,0
195.13,4,3,214.14,0.911,0,7.1,180,1,0
41.65,17,1,29.11,1.431,0,43.1,1465,0,0
9.82,18,4,11.3,0.869,0,9.4,1236,0,0
219.95,12,2,269.1,0.817,0,2.9,1955,0,0
121.67,16,5,158.47,0.768,0,11.9,1081,0,0
26.31,13,2,17.46,1.507,0,4.5,1358,0,0
85.77,9,2,76.2,1.126,0,27.5,1223,0,0
152.52,5,3,140.77,1.083,0,87.3,402,0,0
13.35,17,3,14.3,0.933,0,21.4,1225,0,0
182.54,19,2,221.59,0.824,0,11.9,1054,0,0
44.38,20,4,47.07,0.943,0,25.3,1990,0,0
51.57,12,1,47.94,1.076,0,11.3,1030,0,0
8.48,8,2,10.88,0.779,0,19.6,805,0,0
446.88,16,4,462.45,0.966,0,7.1,1938,0,0
113.97,15,3,114.56,0.995,1,57.9,262,0,0
46.34,13,7,33.81,1.37,0,13.2,1980,0,0
124.93,17,3,105.93,1.179,0,19.1,935,0,0
73.13,15,2,45.02,1.624,1,36.9,839,0,0
17.04,10,4,15.27,1.116,0,47.4,973,0,0
73.13,6,4,91.14,0.802,0,9.1,1759,0,0
80.87,10,2,67.87,1.192,0,18.5,1365,0,0
28.4,8,5,22.16,1.282,0,26.4,647,0,0
55.84,12,2,48.48,1.152,0,0.9,726,1,0
58.76,7,4,43.2,1.36,0,2.1,221,0,0
16.06,15,5,10.0,1.606,0,24.6,1050,1,0
225.66,15,2,279.08,0.809,1,36.1,688,0,0
29.31,7,3,33.95,0.864,0,25.0,1133,0,0
94.28,7,2,89.07,1.058,0,12.4,1388,0,0
76.78,14,1,73.16,1.049,0,9.9,1910,0,0
91.96,8,8,94.46,0.974,0,9.5,530,1,0
16.56,13,3,10.83,1.529,0,2.7,829,0,0
231.09,8,2,220.25,1.049,0,34.7,540,0,0
136.46,10,1,92.08,1.482,0,73.3,524,1,0
87.44,8,6,78.02,1.121,0,1.6,550,0,0
131.53,12,3,161.38,0.815,0,16.6,1750,0,0
8.71,18,3,10.0,0.871,0,1.6,1421,0,0
156.9,9,3,112.02,1.401,0,0.9,1181,0,0
173.32,19,3,140.03,1.238,0,1.2,1980,0,0
158.86,14,4,125.78,1.263,0,50.2,430,0,0
74.37,11,1,45.6,1.631,0,4.3,554,0,0
18.34,23,2,10.0,1.834,0,27.2,1757,0,0
22.97,12,4,29.82,0.77,0,2.5,1895,0,0
11.4,19,3,16.44,0.693,0,18.7,66,0,0
276.96,13,1,345.14,0.802,0,22.0,36,0,0
1006.27,23,7,64.01,15.72,0,1851.7,62,2,1
218.19,6,1,217.83,1.002,0,5.2,1314,0,0
905.69,21,4,72.39,12.511,0,822.1,77,2,1
112.36,13,2,113.42,0.991,0,2.8,75,0,0
642.98,21,6,69.3,9.278,0,966.9,5,2,1
21.36,16,4,29.25,0.73,0,21.4,129,0,0
13.06,11,3,14.25,0.916,0,14.9,1632,0,0
1124.04,1,7,26.92,41.756,0,1665.8,19,2,1
9.21,11,1,10.0,0.921,0,18.6,1091,0,0
1031.36,6,6,120.02,8.593,0,2635.4,7,3,1
15.03,11,4,21.6,0.696,0,7.6,1721,0,0
88.41,8,2,103.11,0.857,0,3.2,547,0,0
239.35,21,3,273.23,0.876,0,1.0,1120,0,0
92.02,12,1,105.6,0.871,0,2.4,1319,1,0
111.81,11,2,106.1,1.054,0,38.7,1464,0,0
928.38,12,18,20.22,45.904,1,210.4,3,2,1
112.34,17,1,105.6,1.064,0,6.1,1834,0,0
47.77,9,3,66.02,0.723,0,0.3,949,0,0
37.93,19,2,47.57,0.797,1,23.9,631,0,0
96.32,15,1,80.48,1.197,0,5.8,970,0,0
129.51,5,3,188.9,0.686,0,31.4,331,0,0
136.18,7,1,116.53,1.169,0,24.0,1236,0,0
9.45,9,2,10.0,0.945,1,1.3,489,0,0
58.91,17,3,61.69,0.955,0,5.3,1981,0,0
49.2,11,3,57.38,0.857,0,22.2,225,0,0
90.25,22,6,103.93,0.868,1,25.7,316,0,0
5.42,10,3,10.0,0.542,0,1.3,1963,0,0
31.69,19,3,40.47,0.783,0,12.0,1894,0,0
5.7,15,2,10.0,0.57,0,2.7,1686,0,0
58.41,21,3,57.81,1.01,0,15.5,1221,0,0
85.64,11,4,32.49,2.636,0,8.2,1758,0,0
20.3,6,2,18.26,1.111,0,6.1,1772,0,0
116.15,14,4,129.51,0.897,0,23.9,1158,0,0
63.67,4,3,48.42,1.315,0,12.2,1136,0,0
66.73,19,5,69.94,0.954,0,0.4,399,2,0
151.16,10,4,138.88,1.088,0,13.5,517,0,0
65.74,14,2,68.27,0.963,1,4.2,1216,0,0
52.78,8,2,64.72,0.815,0,10.1,149,0,0
24.42,12,5,31.77,0.769,0,5.3,391,0,0
17.62,21,4,14.92,1.181,0,3.9,681,0,0
47.22,8,6,41.88,1.127,0,18.0,347,0,0
44.26,22,1,30.04,1.473,0,9.0,1383,0,0
230.04,15,2,271.24,0.848,0,2.7,830,0,0
165.08,9,3,190.82,0.865,0,0.5,981,0,0
113.55,8,3,89.98,1.262,0,12.0,757,0,0
62.53,0,2,59.28,1.055,0,4.8,1078,0,0
26.45,9,2,30.61,0.864,0,2.7,1496,0,0
82.04,13,4,83.45,0.983,0,13.8,717,0,0
51.94,16,3,59.47,0.873,0,2.5,850,0,0
19.04,12,2,24.37,0.781,0,6.4,1868,0,0
1798.43,22,12,192.51,9.342,1,217.1,235,2,1
1119.97,2,3,39.74,28.185,1,372.9,111,4,1
98.89,8,4,103.86,0.952,0,2.2,295,0,0
21.4,10,3,28.89,0.741,0,25.4,832,0,0
11.65,9,1,10.0,1.165,0,46.1,488,0,0
229.38,15,2,267.49,0.858,0,5.0,402,0,0
9.47,6,3,10.0,0.947,0,0.2,674,0,0
17.36,20,4,18.06,0.961,0,5.8,1922,0,0
14.45,13,2,13.92,1.038,0,4.0,1407,0,0
56.75,17,2,63.18,0.898,0,6.5,49,0,0
127.99,13,2,163.79,0.781,1,4.0,1644,0,0
22.45,20,3,21.2,1.059,0,22.2,1188,0,0
340.36,3,9,93.15,3.654,1,1947.4,2,2,1
32.76,14,3,27.93,1.173,0,1.9,792,0,0
1117.46,22,7,71.72,15.58,1,841.6,137,0,1
105.42,16,1,119.31,0.884,0,8.4,861,0,0
205.47,10,4,176.06,1.167,0,10.9,1533,0,0
60.27,15,1,50.23,1.2,0,21.3,621,0,0
38.02,11,3,40.03,0.95,0,3.6,1975,0,0
98.71,9,3,105.21,0.938,0,4.0,1379,0,0
11.27,11,2,11.35,0.993,0,32.2,152,0,0
76.91,19,3,65.25,1.179,0,5.9,1079,0,0
39.39,12,2,37.69,1.045,1,16.0,382,0,0
50.46,13,3,45.36,1.112,0,14.4,1740,0,0
335.38,21,4,260.05,1.29,0,26.8,460,0,0
143.36,14,3,176.92,0.81,0,15.3,266,0,0
25.73,10,2,17.67,1.456,0,4.1,1260,0,0
56.72,13,4,64.91,0.874,0,8.3,44,1,0
13.45,13,2,13.51,0.996,0,66.3,1812,0,0
15.81,13,2,13.79,1.147,0,8.2,1847,1,0
43.95,12,2,42.31,1.039,1,3.6,920,0,0
125.1,17,6,202.78,0.617,0,2.4,1377,0,0
7.79,11,2,10.0,0.779,0,1.6,363,0,0
81.32,8,5,64.71,1.257,1,33.8,82,0,0
10.23,10,4,12.76,0.802,0,4.3,764,0,0
242.64,13,3,336.43,0.721,0,24.2,1040,0,0
20.2,11,1,19.29,1.047,0,8.1,1368,0,0
130.71,7,2,112.57,1.161,0,27.2,343,0,0
147.46,8,2,191.42,0.77,0,13.6,1907,0,0
20.33,13,3,15.58,1.304,0,30.0,490,0,0
631.62,0,7,93.58,6.75,0,247.2,10,3,1
321.99,20,5,109.5,2.941,1,869.8,31,3,1
67.4,6,3,53.35,1.263,0,11.3,1002,0,0
132.28,10,1,160.37,0.825,0,0.8,1106,0,0
8.23,15,3,10.57,0.778,0,5.4,472,0,0
103.44,7,2,46.87,2.207,1,23.3,1342,0,0
25.54,17,5,25.47,1.003,0,14.0,1061,0,0
80.41,8,2,93.6,0.859,0,6.4,435,0,0
48.17,13,1,53.72,0.897,0,10.6,834,0,0
73.83,17,1,59.0,1.251,0,18.6,1781,0,0
65.52,10,4,46.97,1.395,0,5.2,612,0,0
82.23,0,3,82.42,0.998,0,11.4,1225,0,0
56.02,11,4,42.38,1.322,0,3.6,1616,0,0
165.91,8,2,97.35,1.704,0,26.3,1153,0,0
19.42,17,2,17.73,1.095,0,11.6,1155,0,0
93.96,10,1,106.25,0.884,0,7.2,228,0,0
7.98,18,2,10.0,0.798,0,11.0,1724,0,0
98.99,13,6,106.91,0.926,0,28.7,985,0,0
86.28,13,1,113.51,0.76,0,2.7,419,0,0
26.24,12,3,22.07,1.189,0,1.3,822,0,0
12.61,7,4,15.91,0.793,0,2.3,836,0,0
53.47,14,4,63.79,0.838,0,3.8,1434,0,0
81.04,10,2,109.25,0.742,0,8.4,1256,0,0
30.44,8,6,18.17,1.675,0,15.0,581,1,0
34.5,4,3,48.0,0.719,1,14.9,1902,0,0
58.57,20,4,59.18,0.99,0,5.2,1505,0,0
97.01,11,5,117.24,0.827,0,1.1,1997,0,0
158.91,14,4,173.43,0.916,0,26.1,931,0,0
294.74,12,9,91.33,3.227,1,684.1,15,4,1
87.6,9,1,115.11,0.761,0,17.8,922,0,0
54.54,11,1,48.41,1.127,0,13.8,690,0,0
22.8,12,1,25.22,0.904,0,1.7,1146,0,0
35.21,9,2,31.07,1.133,0,17.4,1868,0,0
23.23,13,1,23.9,0.972,0,2.4,835,0,0
50.01,11,2,39.62,1.262,0,2.6,1825,0,0
5.88,16,3,10.0,0.588,0,0.1,949,0,0
21.27,8,4,15.53,1.369,0,25.1,1397,0,0
18.64,16,3,16.42,1.135,0,24.3,470,0,0
10.25,22,3,10.0,1.025,0,26.3,457,0,0
28.15,16,3,36.02,0.782,0,1.5,671,0,0
27.52,14,1,33.52,0.821,0,14.6,213,0,0
10.03,11,2,10.0,1.003,0,17.8,597,0,0
63.24,15,2,51.52,1.228,0,19.6,1406,0,0
319.27,13,2,265.29,1.204,0,9.3,1193,0,0
26.3,11,5,23.64,1.112,0,55.3,311,0,0
11.9,21,3,14.93,0.797,0,0.4,1047,0,0
1034.93,4,8,28.07,36.865,1,3294.2,11,2,1
78.73,10,1,94.34,0.835,1,0.3,1531,0,0
19.85,10,3,15.08,1.317,0,3.5,1786,0,0
18.28,8,1,19.92,0.917,0,1.6,1180,0,0
34.76,12,4,41.34,0.841,0,7.4,817,0,0
70.08,6,2,73.41,0.955,0,0.2,1944,0,0
60.58,16,2,67.75,0.894,0,10.9,685,0,0
283.52,8,3,291.38,0.973,0,5.7,486,0,0
30.17,14,3,29.96,1.007,0,13.9,449,0,0
23.46,9,2,19.65,1.194,0,9.6,250,0,0
18.61,21,4,13.35,1.394,0,4.0,1284,0,0
22.14,17,4,24.92,0.888,0,20.8,422,0,0
57.08,5,5,48.96,1.166,0,34.0,1955,0,0
78.49,13,2,110.57,0.71,0,11.6,1890,0,0
63.45,18,2,68.41,0.927,0,18.7,1649,0,0
28.55,2,3,27.23,1.049,0,0.7,1360,0,0
2190.98,5,10,47.34,46.281,0,1309.5,9,3,1
30.92,17,1,22.95,1.347,0,21.5,710,2,0
30.26,13,2,32.2,0.94,0,19.6,1650,0,0
43.85,12,2,40.89,1.073,1,19.6,372,0,0
363.12,21,8,49.18,7.383,1,1953.5,43,2,1
163.38,10,3,187.61,0.871,0,20.4,1178,0,0
93.44,12,2,101.55,0.92,0,12.8,389,1,0
46.08,21,3,51.97,0.887,0,8.4,1804,0,0
70.67,7,2,62.62,1.129,0,9.8,1194,0,0
50.38,8,3,83.0,0.607,0,1.2,801,0,0
251.15,10,5,320.03,0.785,0,36.3,1921,0,0
51.49,20,4,48.38,1.064,1,10.8,1494,0,0
29.63,7,4,37.01,0.801,0,11.6,464,1,0
43.85,17,2,43.04,1.019,0,13.7,1430,0,0
37.18,20,2,38.15,0.975,0,56.1,1727,1,0
49.44,9,4,41.79,1.183,0,0.5,710,0,0
51.8,3,4,49.21,1.053,0,42.5,1970,0,0
398.01,3,5,153.88,2.586,0,229.3,25,2,1
91.67,14,4,99.21,0.924,0,1.3,1397,0,0
24.54,10,7,16.27,1.508,0,33.2,1176,0,0
39.41,12,3,31.47,1.252,0,0.7,1615,0,0
128.07,11,3,132.1,0.969,0,1.8,489,0,0
41.97,7,4,43.01,0.976,0,5.6,634,0,0
29.64,13,6,29.05,1.02,0,12.4,754,0,0
17.3,9,2,14.79,1.17,0,17.8,1183,0,0
21.98,8,2,27.7,0.794,0,35.7,793,0,0
20.95,19,4,11.38,1.841,0,41.7,651,0,0
7.98,17,2,10.0,0.798,0,14.4,1456,0,0
11.07,17,2,10.0,1.107,0,15.6,1278,0,0
708.66,12,8,88.63,7.995,1,399.7,104,3,1
19.26,14,5,16.62,1.159,0,0.2,218,0,0
74.38,14,4,80.98,0.919,0,5.8,1539,0,0
1467.54,14,18,260.69,5.629,1,2222.2,40,1,1
26.76,23,1,34.47,0.776,0,1.9,1713,0,0
68.6,15,3,69.41,0.988,0,0.2,1215,0,0
23.56,10,1,20.29,1.161,0,7.9,1097,0,0
29.15,20,4,29.04,1.004,1,16.2,1527,0,0
746.81,10,8,52.13,14.326,0,548.9,23,3,1
81.09,8,3,73.54,1.103,0,59.0,574,0,0
23.51,18,3,35.83,0.656,0,26.1,108,0,0
43.53,17,1,48.85,0.891,0,21.4,633,0,0
13.05,13,2,10.89,1.198,0,13.5,545,1,0
13.49,20,2,18.7,0.721,0,43.3,255,0,0
112.35,5,2,130.39,0.862,0,8.6,1268,0,0
41.52,14,5,35.34,1.175,0,14.3,1128,0,0
41.19,11,6,50.58,0.814,0,4.2,163,0,0
134.86,5,6,108.05,1.248,0,2.0,227,0,0
51.0,9,1,40.16,1.27,0,49.5,1877,0,0
29.9,7,4,28.07,1.065,0,77.8,1762,0,0
32.94,12,2,16.6,1.984,0,14.6,1220,0,0
50.49,9,4,45.06,1.121,0,1.1,1426,1,0
240.13,17,2,256.43,0.936,0,28.4,585,0,0
65.59,16,2,63.03,1.041,0,4.0,1458,0,0
74.32,10,5,77.87,0.954,0,28.8,121,0,0
86.7,13,5,71.18,1.218,0,2.8,286,0,0
108.57,16,3,142.64,0.761,0,0.6,1207,0,0
6.46,13,4,10.0,0.646,0,11.8,1505,0,0
50.43,11,6,34.94,1.443,0,33.9,1980,0,0
17.65,1,4,18.4,0.959,0,0.2,1995,0,0
201.18,3,11,109.69,1.834,1,2395.0,118,3,1
28.02,17,7,29.71,0.943,0,3.0,1097,0,0
7.32,21,2,10.0,0.732,0,2.1,1917,0,0
9.85,8,4,14.01,0.703,0,2.1,697,0,0
76.32,10,6,75.77,1.007,0,10.9,1078,0,0
46.18,10,2,38.91,1.187,0,7.5,449,1,0
6.7,15,3,10.0,0.67,0,7.9,773,0,0
11.83,21,2,15.83,0.747,0,10.4,1132,0,0
14.64,13,1,10.0,1.464,0,1.8,1855,0,0
33.03,17,4,38.49,0.858,0,1.6,1177,1,0
31.16,16,3,24.31,1.282,0,12.9,1436,0,0
48.83,19,4,63.97,0.763,0,0.4,1288,0,0
112.63,0,2,103.06,1.093,0,6.7,1296,0,0
37.32,9,7,31.88,1.171,0,8.3,654,0,0
359.71,15,6,278.56,1.291,0,6.2,39,0,0
1151.38,4,8,91.89,12.53,1,1478.0,9,5,1
26.41,6,3,30.36,0.87,0,19.0,1055,1,0
19.46,11,3,24.19,0.804,0,3.0,529,0,0
78.88,15,2,96.77,0.815,0,3.9,445,0,0
5.35,12,3,10.0,0.535,0,39.5,1559,0,0
15.12,15,2,15.12,1.0,0,8.4,801,0,0
15.0,7,2,15.91,0.943,0,6.1,1732,0,0
1136.69,6,6,99.67,11.405,1,500.2,224,4,1
6.45,14,3,10.0,0.645,0,2.0,767,0,0
646.71,0,5,53.24,12.147,1,351.0,65,3,1
9.0,14,3,13.4,0.672,0,26.9,1044,0,0
20.35,9,2,10.0,2.035,0,24.4,1241,1,0
10.9,7,3,14.55,0.749,1,1.2,834,0,0
32.45,17,4,46.42,0.699,0,1.7,1586,0,0
43.16,20,4,21.37,2.02,0,9.7,1821,0,0
112.75,16,2,144.38,0.781,0,7.7,31,1,0
47.42,19,4,44.9,1.056,0,2.1,856,0,0
17.4,20,3,13.7,1.27,0,1.6,1450,0,0
205.08,9,4,261.18,0.785,0,5.9,208,0,0
20.63,12,2,25.42,0.812,0,20.8,872,0,0
65.03,13,2,103.73,0.627,0,26.2,1908,0,0
86.75,8,5,52.63,1.648,0,9.6,1148,0,0
142.35,8,3,179.64,0.792,0,17.5,1346,0,0
484.11,20,4,170.95,2.832,1,1042.9,34,3,1
119.66,18,3,112.74,1.061,0,1.7,1482,0,0
21.23,9,2,12.64,1.68,0,3.8,583,0,0
51.01,19,4,54.11,0.943,0,14.1,1548,0,0
58.86,17,3,73.83,0.797,0,58.6,1127,0,0
66.53,17,3,59.17,1.124,0,18.1,802,0,0
80.26,14,1,45.69,1.757,0,34.9,1384,0,0
185.55,16,3,170.86,1.086,0,0.9,501,0,0
29.64,11,3,21.47,1.38,0,18.6,873,0,0
18.96,9,4,10.0,1.896,0,15.6,570,0,0
16.31,12,3,10.19,1.602,0,2.5,1237,0,0
63.94,16,2,63.04,1.014,1,45.6,1735,0,0
24.96,6,1,24.82,1.006,0,10.7,412,0,0
98.67,4,3,124.11,0.795,0,8.5,1593,0,0
179.9,15,2,194.28,0.926,0,2.6,1766,0,0
55.42,21,3,75.72,0.732,0,11.0,328,0,0
42.41,9,1,42.4,1.0,0,1.0,2000,0,0
76.99,19,4,88.45,0.87,0,16.5,103,0,0
41.85,18,2,41.22,1.015,0,14.7,1181,0,0
135.9,13,3,123.67,1.099,0,9.3,755,0,0
47.16,16,3,30.95,1.523,0,14.4,1427,0,0
39.76,12,1,41.29,0.963,0,14.5,554,0,0
43.69,21,3,27.41,1.594,0,9.9,450,0,0
11.26,21,2,11.44,0.984,0,44.7,457,0,0
76.96,21,2,61.98,1.242,0,9.9,67,1,0
485.41,8,2,475.84,1.02,0,4.9,579,0,0
97.13,8,4,78.45,1.238,0,7.0,195,0,0
36.23,11,2,18.24,1.987,0,4.1,1569,0,0
43.13,15,4,37.72,1.143,0,37.9,1725,0,0
253.28,8,4,291.92,0.868,0,22.0,718,0,0
92.45,7,2,74.34,1.244,1,18.6,646,0,0
29.51,20,3,39.41,0.749,0,18.9,1234,0,0
57.4,15,4,73.01,0.786,0,1.5,1490,1,0
59.09,17,4,51.36,1.151,0,44.9,772,1,0
162.76,23,2,187.73,0.867,0,21.3,928,0,0
27.52,12,3,21.42,1.285,0,28.8,387,0,0
212.14,13,4,215.45,0.985,0,23.1,1943,0,0
128.82,16,1,107.08,1.203,0,18.4,438,0,0
96.48,12,6,107.82,0.895,0,6.2,1715,0,0
18.35,18,3,19.94,0.92,0,7.6,1231,0,0
117.41,16,1,160.74,0.73,0,19.9,379,0,0
89.99,10,1,97.15,0.926,0,6.3,44,0,0
50.39,2,2,63.39,0.795,0,8.4,1642,0,0
11.45,7,2,15.19,0.754,0,1.4,681,0,0
61.67,8,4,65.85,0.937,0,23.4,1179,0,0
108.87,10,3,106.63,1.021,0,5.9,780,0,0
34.5,9,3,30.01,1.149,0,1.2,675,0,0
25.93,10,5,30.26,0.857,0,71.0,416,0,0
480.39,13,9,77.41,6.205,1,1003.1,2,0,1
42.21,19,4,29.33,1.439,0,6.1,1387,1,0
158.45,14,1,185.72,0.853,0,1.9,804,0,0
20.49,17,4,23.27,0.881,0,3.6,1007,0,0
45.4,16,3,52.82,0.86,0,5.1,33,0,0
96.7,11,2,104.74,0.923,0,121.5,1316,0,0
5.52,5,1,10.0,0.552,0,16.2,642,0,0
104.07,14,1,140.03,0.743,0,13.3,1886,0,0
28.49,8,4,37.52,0.759,0,26.2,238,0,0
84.23,12,2,73.2,1.151,0,13.3,938,0,0
150.19,15,3,191.3,0.785,0,39.7,102,0,0
21.42,8,1,19.34,1.108,0,18.7,1417,0,0
72.3,19,2,71.99,1.004,0,1.0,403,0,0
34.25,11,3,33.14,1.034,0,11.6,826,0,0
225.44,15,3,222.89,1.011,1,5.7,655,0,0
527.61,3,10,209.22,2.522,1,1777.8,2,1,1
162.46,9,3,167.04,0.973,0,13.9,1325,0,0
184.16,10,2,224.42,0.821,0,10.0,343,0,0
24.33,11,2,16.11,1.51,0,11.9,187,0,0
103.64,10,4,71.92,1.441,0,0.2,1870,0,0
77.15,12,2,79.28,0.973,0,7.1,706,0,0
2574.42,20,13,34.95,73.662,1,862.5,251,2,1
65.08,12,6,78.36,0.831,0,5.6,1396,0,0
48.69,21,5,28.56,1.705,0,31.5,316,0,0
51.73,18,2,39.32,1.316,0,16.8,1107,0,0
49.28,15,1,54.63,0.902,1,19.6,1940,0,0
37.45,10,1,34.38,1.089,0,6.3,981,0,0
254.38,13,2,284.34,0.895,0,5.1,1264,0,0
28.98,2,3,28.86,1.004,0,4.5,604,2,0
22.27,12,1,15.21,1.464,0,8.1,187,0,0
13.02,17,2,12.91,1.008,0,22.3,851,0,0
5.15,0,3,10.0,0.515,0,6.1,1661,0,0
8.82,4,3,10.41,0.847,0,10.4,1908,0,0
5.1,22,3,10.0,0.51,0,47.1,1977,0,0
20.29,2,1,15.73,1.29,0,1.6,1063,0,0
20.39,10,3,21.57,0.945,0,11.5,583,0,0
47.53,8,2,50.43,0.943,0,2.5,216,0,0
58.91,13,4,45.49,1.295,0,15.9,1003,0,0
57.21,18,4,64.03,0.894,0,16.7,1458,0,0
170.73,6,2,179.34,0.952,0,11.7,1826,0,0
46.84,19,5,54.88,0.854,0,25.7,1152,0,0
44.49,13,4,50.62,0.879,0,3.5,370,0,0
34.33,8,3,32.84,1.046,0,22.1,308,0,0
34.05,17,2,31.97,1.065,0,49.0,790,0,0
39.5,15,3,38.78,1.018,0,46.2,1511,0,0
38.12,16,1,25.25,1.51,0,4.4,1939,0,0
5.67,11,4,10.0,0.567,0,4.1,750,0,0
7.94,17,5,10.0,0.794,0,27.4,1712,0,0
8.87,15,2,10.28,0.862,0,10.2,1832,0,0
30.74,13,5,32.71,0.94,0,11.9,328,0,0
54.03,10,3,48.8,1.107,0,3.4,627,0,0
172.31,8,5,154.84,1.113,0,0.3,1898,0,0
221.54,11,3,227.66,0.973,0,1.1,521,0,0
103.95,14,2,128.6,0.808,1,6.6,1989,1,0
35.94,11,4,43.18,0.832,0,9.1,1333,0,0
11.27,18,3,12.33,0.914,0,2.0,1344,0,0
61.05,7,4,75.67,0.807,0,3.1,429,0,0
242.01,18,4,260.82,0.928,0,24.9,1611,0,0
67.67,18,2,65.93,1.026,0,1.5,1148,0,0
148.0,13,4,169.88,0.871,0,1.3,469,0,0
755.4,22,9,36.78,20.537,1,852.5,4,3,1
21.97,5,4,27.22,0.807,0,6.1,465,0,0
43.67,16,6,42.37,1.031,0,0.8,99,0,0
1816.96,12,9,138.91,13.08,1,2234.4,38,4,1
36.76,17,1,33.63,1.093,0,9.4,499,0,0
108.45,13,3,122.19,0.888,0,0.6,1304,0,0
11.54,21,5,10.0,1.154,0,9.5,1354,0,0
115.0,21,1,110.08,1.045,0,29.0,45,0,0
5.75,12,3,10.0,0.575,0,5.5,1758,0,0
25.79,9,2,34.72,0.743,0,48.7,414,0,0
21.5,6,3,21.84,0.984,0,21.1,158,0,0
968.45,17,9,305.93,3.166,1,1616.9,22,5,1
212.3,20,4,313.23,0.678,0,10.4,88,2,0
386.83,12,3,403.48,0.959,0,1.8,1865,0,0
102.12,17,1,93.86,1.088,0,22.3,1164,0,0
57.45,8,3,71.9,0.799,0,21.9,221,0,0
7.98,8,5,10.0,0.798,0,10.0,1071,0,0
37.65,17,1,32.67,1.152,0,57.0,675,0,0
82.16,13,2,82.39,0.997,0,5.7,1342,0,0
490.78,11,12,39.31,12.484,1,394.6,45,2,1
150.63,9,4,118.29,1.273,0,11.2,1043,0,0
126.36,13,2,106.0,1.192,1,1.0,1335,0,0
110.86,10,1,112.4,0.986,0,3.0,1988,0,0
228.96,14,1,230.87,0.992,0,22.3,1616,0,0
28.75,9,3,35.94,0.8,0,17.1,1472,0,0
1036.83,18,7,127.45,8.136,1,1202.7,23,2,1
7.42,9,5,10.0,0.742,0,3.8,305,0,0
81.8,11,5,93.37,0.876,1,14.4,460,0,0
30.32,9,2,39.47,0.768,0,0.3,1674,0,0
96.93,4,4,147.16,0.659,0,24.4,1345,0,0
14.58,8,3,15.59,0.935,0,7.1,515,0,0
51.45,12,3,74.89,0.687,0,17.2,996,0,0
234.03,14,4,240.96,0.971,0,0.4,1124,0,0
50.29,12,4,45.84,1.097,0,5.1,1011,0,0
248.45,13,4,295.24,0.842,0,10.0,1970,0,0
105.32,9,3,131.89,0.799,0,24.0,702,0,0
12.63,18,2,12.03,1.05,0,37.7,142,0,0
15.91,10,4,12.13,1.311,0,18.6,1107,1,0
25.77,9,2,30.49,0.845,0,8.3,575,0,0
31.07,9,4,43.17,0.72,1,13.1,1812,0,0
26.82,16,1,31.48,0.852,0,31.9,1966,0,0
32.42,15,1,34.67,0.935,0,6.0,1937,1,0
14.64,16,2,13.82,1.059,0,1.7,899,0,0
375.2,6,1,179.86,2.086,0,2.1,1997,0,0
52.0,9,2,54.61,0.952,0,32.3,1031,0,0
20.08,16,3,17.61,1.14,0,10.8,204,0,0
42.47,9,4,52.51,0.809,1,5.4,1697,0,0
8.98,17,1,10.0,0.898,0,5.5,1518,0,0
55.66,8,2,28.96,1.922,0,22.3,1793,1,0
44.5,13,3,58.1,0.766,0,3.6,1504,0,0
15.1,12,2,17.28,0.874,0,15.4,1273,0,0
141.57,9,2,205.92,0.687,0,23.0,753,0,0
163.1,19,3,188.91,0.863,0,2.0,1430,0,0
5.91,2,5,10.0,0.591,0,11.3,55,0,0
90.37,13,3,83.88,1.077,0,15.8,185,0,0
92.33,10,3,71.73,1.287,0,2.7,1972,0,0
63.68,8,5,50.8,1.253,0,3.0,1340,0,0
28.12,7,2,29.64,0.949,0,0.2,59,0,0
92.57,10,3,87.85,1.054,0,14.5,718,2,0
101.08,12,1,124.73,0.81,0,25.2,130,0,0
155.8,11,2,122.77,1.269,0,32.5,461,0,0
50.55,16,2,62.0,0.815,0,2.5,1442,0,0
105.27,10,2,96.18,1.095,0,34.4,789,0,0
9.84,15,2,10.0,0.984,1,14.9,652,0,0
123.22,1,1,130.75,0.942,0,14.5,667,0,0
10.07,7,2,10.0,1.007,0,31.3,402,1,0
123.79,4,5,112.96,1.096,0,30.0,756,0,0
131.07,10,2,132.32,0.991,0,19.5,1508,0,0
123.08,10,5,76.37,1.612,0,5.5,1389,0,0
130.0,9,3,111.32,1.168,0,11.0,1834,0,0
14.43,9,2,11.73,1.23,0,1.3,1067,0,0
29.26,11,2,31.66,0.924,0,4.9,1268,0,0
27.26,10,1,34.58,0.788,0,3.5,99,0,0
43.76,11,4,41.41,1.057,0,8.1,1247,0,0
17.37,16,2,16.29,1.066,0,13.5,868,0,0
128.21,16,5,127.98,1.002,0,5.9,676,0,0
46.02,17,2,53.79,0.855,0,9.0,987,0,0
189.75,12,3,190.59,0.996,0,0.4,448,0,0
121.69,12,4,88.22,1.379,0,3.3,214,0,0
10.54,16,3,10.31,1.022,0,42.1,1421,0,0
41.85,15,1,57.01,0.734,0,15.0,1841,0,0
302.95,12,2,135.02,2.244,0,1.8,482,0,0
118.78,8,4,102.6,1.158,0,16.5,807,0,0
69.44,18,3,75.82,0.916,0,21.5,1900,0,0
18.04,12,3,22.09,0.816,0,2.1,673,0,0
78.36,12,3,105.73,0.741,0,24.5,1595,0,0
69.48,16,3,33.4,2.08,0,8.9,1714,0,0
13.68,17,2,10.11,1.352,0,8.4,626,0,0
155.03,5,2,183.41,0.845,1,30.9,820,0,0
46.21,10,2,15.86,2.913,0,4.2,1055,0,0
62.05,15,7,60.37,1.028,0,59.7,1542,0,0
30.86,17,2,28.84,1.07,0,6.3,1514,0,0
85.91,10,1,99.48,0.864,0,7.5,217,0,0
149.29,16,3,99.98,1.493,0,1.5,1499,0,0
40.53,10,3,45.81,0.885,1,23.0,274,0,0
72.18,10,1,99.44,0.726,0,3.6,390,0,0
10.61,15,4,10.47,1.014,0,14.6,448,0,0
12.4,19,3,14.15,0.876,0,4.0,1336,0,0
14.75,13,4,20.91,0.705,0,74.3,1798,0,0
8.03,15,4,10.91,0.736,0,3.0,391,0,0
38.97,13,2,31.5,1.237,0,6.8,241,0,0
118.82,18,1,116.89,1.016,0,2.9,52,0,0
1330.95,4,9,56.35,23.617,1,3234.8,43,0,1
44.21,16,6,40.39,1.094,0,0.0,1972,0,0
62.03,10,1,62.19,0.997,0,17.0,171,0,0
109.05,21,2,95.66,1.14,0,8.7,350,0,0
21.95,22,2,22.67,0.968,0,16.3,1645,0,0
47.11,18,3,45.34,1.039,0,0.5,855,0,0
25.35,19,1,24.0,1.056,0,8.2,1703,0,0
112.12,15,2,93.36,1.201,0,11.7,1475,0,0
183.63,14,1,246.82,0.744,1,11.5,1026,0,0
20.02,16,3,12.27,1.631,1,22.1,806,0,0
85.62,6,1,77.95,1.098,0,2.6,1371,0,0
173.39,18,7,121.13,1.431,0,29.4,1268,0,0
43.55,13,3,49.86,0.873,0,33.2,377,0,0
130.67,16,3,132.77,0.984,0,35.0,364,0,0
1940.42,4,6,89.32,21.724,1,938.2,16,3,1
16.25,6,1,22.17,0.733,0,3.1,180,0,0
21.23,10,4,28.95,0.733,0,24.7,748,0,0
222.81,0,10,55.01,4.05,0,565.8,32,1,1
11.13,8,3,12.61,0.882,0,35.1,45,0,0
60.1,12,1,56.9,1.056,0,12.8,592,0,0
240.64,20,2,160.34,1.501,0,69.7,465,0,0
10.36,8,3,10.08,1.028,1,7.4,1262,0,0
59.47,6,1,73.18,0.813,0,8.8,561,0,0
14.15,12,3,15.85,0.893,0,19.6,622,0,0
54.18,18,3,39.05,1.387,0,37.8,593,0,0
96.97,9,2,114.04,0.85,1,39.0,925,0,0
78.41,16,6,93.99,0.834,0,27.3,1731,0,0
42.38,14,4,60.92,0.696,0,2.0,656,1,0
136.14,11,3,131.3,1.037,0,3.2,802,0,0
53.59,17,6,63.15,0.849,0,29.6,983,0,0
86.72,5,2,67.41,1.287,0,9.2,821,0,0
22.9,9,3,15.13,1.513,0,13.6,1008,0,0
44.41,18,2,50.92,0.872,1,16.9,1024,0,0
49.95,16,2,72.59,0.688,0,17.2,1413,0,0
8.47,14,4,10.76,0.787,0,1.2,626,0,0
34.67,10,1,33.15,1.046,0,19.5,1219,0,0
12.18,4,4,20.39,0.597,0,17.2,808,0,0
134.63,11,4,121.58,1.107,0,20.4,921,0,0
123.04,13,5,81.93,1.502,0,21.8,1095,0,0
86.69,14,3,96.21,0.901,0,12.3,246,0,0
16.37,9,3,16.72,0.979,0,15.0,970,0,0
9.35,14,3,10.0,0.935,0,10.1,775,0,0
54.5,9,2,40.86,1.334,0,0.2,621,1,0
39.01,16,2,35.46,1.1,0,10.2,1436,0,0
7.87,13,3,10.0,0.787,0,9.1,1058,0,0
55.34,14,2,39.53,1.4,0,15.9,1033,0,0
13.35,12,4,13.45,0.993,0,20.6,978,0,0
112.39,9,2,149.91,0.75,0,1.4,1750,0,0
51.19,13,4,53.81,0.951,0,24.4,1641,0,0
98.87,14,2,86.24,1.146,0,13.4,1271,0,0
31.74,8,2,41.4,0.767,0,41.6,1321,0,0
65.21,10,3,94.85,0.687,0,22.9,1682,0,0
363.25,6,9,77.82,4.668,1,927.7,60,4,1
8.07,14,4,10.0,0.807,0,6.1,1140,0,0
12.32,13,8,13.34,0.924,0,33.0,332,0,0
13.5,21,6,13.88,0.972,0,8.0,991,0,0
29.75,16,5,37.76,0.788,0,8.9,176,0,0
44.44,10,3,51.26,0.867,0,1.3,1227,0,0
78.09,19,2,94.62,0.825,0,21.7,907,0,0
12.98,7,3,10.0,1.298,0,5.2,1864,0,0
85.63,8,1,127.92,0.669,0,1.5,978,0,0
169.0,5,3,169.41,0.998,0,1.2,414,0,0
48.38,7,4,52.84,0.916,1,1.9,1647,0,0
26.51,7,2,20.68,1.282,0,31.9,878,0,0
56.57,17,4,51.53,1.098,0,10.6,648,0,0
84.42,15,3,85.18,0.991,1,6.3,1205,0,0
79.25,18,2,68.28,1.161,0,2.0,1648,0,0
172.13,22,5,211.42,0.814,0,3.1,912,0,0
47.69,6,1,47.94,0.995,1,2.3,1786,0,0
127.15,1,6,118.37,1.074,0,21.7,1948,0,0
440.99,16,10,30.25,14.578,1,3536.2,24,2,1
170.64,7,6,183.52,0.93,0,11.7,688,0,0
207.17,10,9,276.1,0.75,1,3460.8,66,3,1
23.69,13,6,24.5,0.967,0,26.2,726,0,0
59.4,15,3,67.31,0.882,0,8.0,1626,0,0
146.5,9,3,241.26,0.607,0,3.7,302,0,0
29.31,18,2,30.09,0.974,0,39.2,942,0,0
17.53,10,1,10.0,1.753,0,23.2,268,0,0
14.64,9,2,13.78,1.062,0,16.9,1957,0,0
81.81,20,5,73.45,1.114,0,15.8,1995,2,0
2286.36,14,10,59.7,38.297,0,239.9,3,4,1
6.79,6,2,10.0,0.679,0,8.1,933,0,0
91.07,6,1,99.12,0.919,0,0.2,1609,0,0
24.05,11,3,29.21,0.823,0,7.3,1829,0,0
100.48,11,3,61.79,1.626,0,7.0,332,0,0
45.64,9,3,57.15,0.799,0,23.2,267,0,0
21.86,8,3,25.77,0.848,0,12.8,1300,0,0
14.14,7,2,13.38,1.057,1,15.5,595,0,0
127.05,10,5,154.89,0.82,0,2.0,276,0,0
13.57,13,3,12.92,1.051,0,44.2,233,0,0
113.46,8,6,89.84,1.263,0,48.3,1468,0,0
12.53,18,1,12.58,0.996,1,18.9,605,0,0
35.31,9,3,39.09,0.903,0,5.3,1008,0,0
36.46,9,3,29.85,1.222,0,1.3,1358,0,0
160.18,9,5,126.34,1.268,0,0.7,968,0,0
201.42,20,2,169.46,1.189,0,11.8,1340,0,0
102.42,15,1,106.07,0.966,0,25.4,1310,0,0
16.25,13,3,18.36,0.885,0,13.8,1976,0,0
188.35,7,2,157.07,1.199,0,39.1,338,1,0
21.62,19,4,29.93,0.722,0,0.6,1637,0,0
18.71,6,2,18.91,0.989,0,0.4,1301,0,0
36.26,15,1,42.6,0.851,0,3.0,33,0,0
34.9,10,4,26.1,1.337,0,7.9,1235,1,0
1362.11,3,7,42.02,32.414,0,3225.0,9,2,1
279.29,10,3,226.12,1.235,0,10.2,1325,0,0
1914.43,4,9,121.66,15.736,1,863.6,8,0,1
73.14,8,2,74.42,0.983,0,4.8,1316,0,0
5.29,10,3,10.0,0.529,0,6.3,1121,0,0
46.09,12,3,32.52,1.417,0,0.9,1766,0,0
55.24,20,2,38.03,1.453,1,1.6,1157,0,0
64.7,16,3,42.35,1.528,0,8.8,1487,0,0
70.42,17,3,41.19,1.709,0,28.0,894,0,0
45.19,13,2,17.9,2.524,0,8.7,783,0,0
6.77,4,4,10.0,0.677,0,4.2,1984,0,0
177.71,10,1,154.79,1.148,0,6.8,1302,0,0
48.37,9,2,60.3,0.802,0,20.5,707,0,0
41.32,10,4,65.5,0.631,0,16.3,643,0,0
117.56,8,3,106.65,1.102,0,1.7,1111,0,0
40.2,16,2,45.33,0.887,0,1.1,1311,0,0
10.32,15,4,10.04,1.028,0,9.2,274,0,0
83.78,18,4,106.94,0.783,0,19.9,1237,0,0
160.78,7,2,161.95,0.993,0,12.9,1443,0,0
16.21,14,3,22.32,0.726,0,26.2,451,0,0
17.23,14,3,21.71,0.793,0,16.0,1924,0,0
101.71,12,2,88.63,1.148,0,49.4,1479,0,0
116.18,18,2,115.53,1.006,0,4.6,426,0,0
163.47,9,3,183.06,0.893,0,35.9,767,0,0
179.56,15,2,190.58,0.942,0,2.2,1957,0,0
1806.51,2,7,212.88,8.486,1,1154.1,43,1,1
12.77,19,2,10.0,1.277,0,3.7,1540,0,0
1369.89,23,11,26.65,51.396,1,573.0,6,0,1
57.87,8,3,52.21,1.108,0,0.9,1580,0,0
1631.29,1,6,52.63,30.993,1,265.0,48,2,1
20.44,8,2,10.0,2.044,0,3.3,1566,0,0
237.77,17,5,209.69,1.134,0,25.3,1118,0,0
63.35,13,3,62.17,1.019,0,6.1,1401,0,0
32.97,20,6,18.96,1.739,0,31.9,1085,0,0
22.29,4,6,19.42,1.148,0,17.2,897,0,0
86.59,9,3,70.53,1.228,1,21.5,1719,0,0
57.38,6,2,80.44,0.713,0,9.7,1050,0,0
9.93,9,4,10.48,0.947,0,2.5,1039,0,0
106.87,9,1,125.76,0.85,0,7.7,79,0,0
75.98,14,3,88.9,0.855,1,14.5,903,0,0
150.19,9,1,152.02,0.988,0,14.0,1044,0,0
118.74,12,4,146.91,0.808,0,15.5,144,0,0
23.15,17,4,29.3,0.79,0,19.0,72,0,0
17.37,7,3,16.08,1.08,0,14.6,1238,0,0
15.78,8,2,13.78,1.145,0,1.8,600,0,0
118.42,9,2,76.84,1.541,0,15.0,1797,0,0
39.14,22,5,28.2,1.388,0,6.6,1373,0,0
84.33,9,4,70.78,1.191,1,29.8,1873,0,0
41.36,5,3,27.8,1.488,0,15.6,67,0,0
90.48,19,6,122.66,0.738,0,1.3,115,0,0
93.41,14,1,49.84,1.874,0,10.0,1668,0,0
132.21,2,4,135.59,0.975,0,7.8,1992,0,0
68.4,1,2,81.47,0.84,0,8.4,1129,0,0
120.71,10,2,137.43,0.878,0,7.2,264,0,0
16.95,8,1,18.03,0.94,0,26.0,1584,0,0
80.52,10,3,132.81,0.606,0,0.3,461,0,0
132.55,11,2,137.13,0.967,0,0.0,953,0,0
80.98,10,2,90.9,0.891,0,1.6,1231,0,0
11.13,9,2,10.0,1.113,0,34.3,65,0,0
177.71,12,1,174.73,1.017,1,0.3,556,0,0
301.23,8,4,360.71,0.835,0,5.0,1830,0,0
115.59,6,2,114.49,1.01,1,22.4,1374,0,0
203.94,17,4,250.66,0.814,0,5.8,366,0,0
50.9,5,2,61.37,0.829,0,0.2,1532,0,0
68.58,6,5,77.76,0.882,0,12.3,1876,0,0
44.72,6,3,31.26,1.431,0,1.7,1433,0,0
74.01,11,2,82.08,0.902,0,4.5,423,0,0
1292.75,23,7,24.16,53.509,1,690.9,78,3,1
19.75,18,2,21.91,0.902,0,26.6,610,0,0
227.4,9,1,216.85,1.049,0,1.5,811,0,0
78.24,7,2,95.3,0.821,0,14.0,857,0,0
186.1,12,1,162.48,1.145,0,9.3,1206,0,0
10.64,20,4,10.0,1.064,0,24.7,1796,0,0
79.08,10,1,53.12,1.489,0,19.2,1794,0,0
19.82,10,5,29.57,0.67,0,1.9,1588,0,0
218.15,12,3,308.34,0.708,0,4.5,1509,1,0
83.73,11,2,81.18,1.031,0,7.1,478,0,0
26.22,14,3,25.34,1.035,0,15.4,711,0,0
63.03,18,3,66.61,0.946,0,12.3,1548,0,0
78.81,9,3,63.84,1.234,0,7.8,128,0,0
119.82,5,6,73.03,1.641,0,17.0,1459,0,0
7.28,14,1,10.0,0.728,0,7.2,216,0,0
71.91,7,2,77.5,0.928,1,32.9,95,2,0
10.17,11,3,10.0,1.017,1,4.0,217,0,0
116.5,11,2,60.55,1.924,0,4.0,618,0,0
25.6,11,3,27.59,0.928,0,5.3,105,0,0
8.07,7,4,10.0,0.807,0,1.7,1168,0,0
146.88,1,4,157.39,0.933,0,39.7,382,0,0
44.62,13,4,42.36,1.053,0,41.3,837,0,0
109.99,20,2,86.72,1.268,0,25.7,1810,0,0
493.58,2,13,58.62,8.42,1,1296.7,39,3,1
15.59,7,4,13.67,1.14,0,5.9,81,0,0
9.0,8,5,12.0,0.75,0,10.4,1420,0,0
49.01,19,1,48.0,1.021,0,8.4,1011,0,0
136.81,13,2,134.51,1.017,0,0.9,1409,0,0
19.41,10,3,21.66,0.896,0,2.9,1354,0,0
10.77,17,6,15.62,0.69,0,9.4,1732,0,0
7.48,8,1,10.0,0.748,0,0.5,339,0,0
11.3,16,4,10.0,1.13,0,7.5,973,0,0
15.19,9,2,17.99,0.845,0,11.8,1627,0,0
64.93,18,1,100.98,0.643,0,24.8,851,0,0
182.68,15,3,199.41,0.916,0,19.2,53,0,0
15.28,17,1,10.44,1.464,0,1.7,865,0,0
46.83,11,1,52.88,0.886,0,49.0,1109,0,0
12.24,7,3,20.64,0.593,0,33.3,442,0,0
64.81,14,4,110.57,0.586,0,13.7,730,0,0
468.66,11,5,613.3,0.764,0,12.6,200,0,0
64.63,4,4,37.96,1.702,0,2.9,620,0,0
15.79,5,3,12.11,1.304,0,6.9,1244,0,0
34.62,9,2,42.64,0.812,0,14.5,1835,0,0
81.72,13,4,75.44,1.083,0,1.8,1206,0,0
129.17,9,4,141.21,0.915,0,1.7,1774,0,0
89.06,20,1,101.82,0.875,0,39.9,1890,0,0
89.88,16,3,73.77,1.219,0,26.3,1200,0,0
77.75,9,3,80.58,0.965,0,6.0,1665,0,0
9.46,6,2,10.52,0.899,0,14.2,715,0,0
211.49,10,1,194.24,1.089,0,16.2,1549,0,0
23.51,8,6,12.24,1.921,0,3.8,1844,0,0
1306.39,1,7,107.14,12.193,0,1882.1,37,2,1
78.81,19,2,101.5,0.776,0,10.6,439,0,0
59.69,8,1,126.53,0.472,0,13.3,654,0,0
73.59,9,2,112.52,0.654,0,35.4,1609,0,0
14.84,7,4,16.41,0.904,0,8.2,243,0,0
137.26,13,2,200.88,0.683,0,6.8,194,0,0
85.2,6,4,104.24,0.817,0,34.1,936,0,0
365.36,21,2,357.82,1.021,0,5.4,1193,0,0
360.45,7,3,260.33,1.385,0,3.3,742,0,0
18.75,19,3,16.68,1.124,0,3.7,1028,0,0
37.58,6,3,29.73,1.264,0,20.0,327,0,0
37.75,8,4,27.96,1.35,0,37.0,119,0,0
41.4,8,3,42.48,0.975,0,28.7,1735,0,0
18.55,17,3,12.92,1.436,0,7.7,751,0,0
56.26,17,2,53.35,1.055,0,1.7,1370,0,0
108.97,18,1,127.29,0.856,1,19.0,116,0,0
643.7,2,6,103.57,6.215,0,512.5,21,1,1
594.56,21,9,24.38,24.384,1,2111.9,19,4,1
9.75,13,3,10.0,0.975,0,9.9,1459,0,0
124.2,10,2,189.76,0.654,0,21.2,1848,0,0
182.62,14,2,253.61,0.72,0,1.9,1514,0,0
44.5,10,2,33.37,1.333,0,7.3,1794,0,0
33.44,15,4,35.48,0.943,0,6.4,1105,0,0
15.45,17,1,19.26,0.802,0,2.0,405,0,0
54.12,11,3,50.05,1.081,0,14.3,1263,0,0
12.71,6,2,10.0,1.271,0,3.9,1433,0,0
7.38,10,5,10.0,0.738,0,0.4,1634,0,0
10.86,17,2,10.0,1.086,0,17.6,1658,0,0
23.23,14,1,30.81,0.754,0,3.6,43,0,0
50.14,11,3,60.02,0.835,0,8.9,1734,0,0
37.7,21,3,31.94,1.181,0,6.4,1065,1,0
48.51,9,3,58.96,0.823,0,2.8,1883,0,0
42.84,8,1,43.32,0.989,0,0.2,1687,1,0
145.27,8,4,163.19,0.89,0,11.4,132,0,0
72.03,6,4,78.66,0.916,0,1.0,147,0,0
160.02,10,4,137.39,1.165,0,11.0,301,0,0
73.92,10,3,79.73,0.927,0,15.0,1925,0,0
69.94,2,3,78.93,0.886,0,5.3,705,0,0
33.51,18,3,23.64,1.418,0,27.4,667,1,0
36.76,12,2,57.52,0.639,0,6.0,942,1,0
63.23,9,2,54.47,1.161,0,1.8,1298,0,0
42.93,12,2,54.73,0.784,0,5.0,1315,0,0
18.39,19,4,15.05,1.222,0,7.0,351,0,0
74.38,9,2,90.37,0.823,0,3.8,955,0,0
27.41,11,4,32.71,0.838,0,11.0,1537,0,0
21.56,8,3,29.52,0.73,0,15.3,1543,0,0
137.99,9,2,201.4,0.685,0,3.3,1007,0,0
93.8,11,2,85.34,1.099,0,21.2,859,0,0
102.71,15,4,95.32,1.077,0,19.8,1908,0,0
103.76,16,3,138.03,0.752,0,24.4,1663,0,0
93.8,10,6,94.56,0.992,0,5.8,863,0,0
10.2,8,2,10.87,0.939,0,27.4,1016,1,0
72.86,8,4,73.21,0.995,0,15.1,300,0,0
10.58,21,3,12.78,0.828,0,0.4,1651,0,0
29.03,8,1,37.8,0.768,0,14.0,1934,0,0
92.39,10,1,108.51,0.851,0,26.4,1006,0,0
39.45,21,3,43.42,0.909,0,27.3,48,0,0
78.74,11,2,63.49,1.24,0,3.2,49,0,0
252.11,11,5,331.99,0.759,0,37.0,1219,0,0
1366.66,23,5,78.67,17.373,0,356.2,16,3,1
173.91,12,1,179.36,0.97,0,23.1,1006,0,0
562.53,0,13,192.19,2.927,1,1858.5,30,1,1
161.96,12,2,172.19,0.941,0,1.7,538,0,0
80.46,12,2,142.24,0.566,0,12.9,1361,0,0
21.66,13,1,28.8,0.752,0,24.0,1838,0,0
46.29,9,4,35.6,1.3,0,16.1,816,0,0
62.82,12,3,34.64,1.814,0,18.4,1966,0,0
346.38,19,2,321.23,1.078,0,33.2,982,0,0
50.36,1,2,55.96,0.9,0,68.0,1471,0,0
92.51,2,1,109.38,0.846,0,0.7,1467,0,0
21.67,12,1,23.72,0.913,0,2.0,638,0,0
125.84,5,1,38.26,3.289,0,1.7,1567,0,0
101.64,12,6,89.19,1.14,0,1.3,1134,0,0
145.53,13,2,174.04,0.836,0,7.1,502,0,0
84.21,14,3,101.51,0.83,0,16.2,592,0,0
15.59,9,4,13.91,1.121,0,22.7,1952,0,0
52.25,23,4,62.42,0.837,0,4.8,587,0,0
59.73,11,3,62.92,0.949,0,14.6,1179,0,0
35.81,6,1,45.59,0.786,0,14.2,979,0,0
85.44,16,3,138.31,0.618,0,14.7,802,0,0
209.28,2,2,133.55,1.567,0,3.5,583,1,0
259.53,16,4,326.1,0.796,0,6.8,432,0,0
158.0,3,1,94.64,1.67,0,6.9,541,0,0
29.32,23,3,29.11,1.007,0,2.4,929,0,0
102.88,16,3,61.29,1.679,0,10.7,1122,0,0
1307.0,21,6,82.8,15.786,1,441.1,59,4,1
87.65,12,5,94.11,0.931,0,44.7,1857,0,0
41.99,7,5,32.29,1.3,0,24.7,1596,0,0
109.23,16,4,107.69,1.014,0,7.8,1646,0,0
804.18,22,6,111.8,7.193,0,489.2,20,5,1
9.91,18,3,12.92,0.767,0,11.0,1440,0,0
112.51,12,3,103.58,1.086,0,19.3,329,0,0
134.7,9,3,73.54,1.832,0,7.6,1698,0,0
998.87,11,10,129.84,7.693,0,1511.1,28,3,1
7.82,6,4,10.0,0.782,0,20.8,1295,0,0
176.62,15,3,241.04,0.733,0,13.5,423,0,0
273.18,20,1,361.4,0.756,0,11.9,42,0,0
1061.92,9,7,84.45,12.574,1,701.1,21,3,1
132.77,11,3,117.94,1.126,0,5.9,938,0,0
50.98,17,4,49.15,1.037,0,6.7,1923,0,0
10.2,12,1,10.0,1.02,0,11.2,1986,0,0
12.72,9,2,10.65,1.195,0,0.9,1932,0,0
57.81,8,5,62.49,0.925,0,4.5,1512,0,0
106.25,1,3,119.05,0.892,0,13.9,54,0,0
47.69,10,6,30.1,1.584,0,0.8,1109,0,0
120.29,9,3,165.37,0.727,0,1.7,1807,0,0
129.6,17,5,102.33,1.266,1,4.6,545,0,0
30.54,10,3,25.91,1.179,0,8.6,213,0,0
514.84,14,8,66.14,7.784,1,1458.9,11,5,1
6.17,22,3,10.0,0.617,0,10.6,368,0,0
1319.83,4,6,94.44,13.976,1,1436.2,51,2,1
10.75,13,2,10.0,1.075,0,10.0,432,0,0
51.76,11,2,33.61,1.54,0,17.0,67,0,0
176.15,11,4,188.69,0.934,0,12.4,139,0,0
73.29,0,4,86.64,0.846,1,36.3,1080,0,0
195.22,16,2,270.74,0.721,0,0.9,1769,0,0
49.65,10,1,57.41,0.865,0,14.3,1569,0,0
34.42,15,3,23.87,1.442,0,30.5,1433,0,0
771.78,2,8,203.99,3.783,1,748.0,51,2,1
37.27,15,2,30.46,1.224,0,7.8,191,1,0
172.31,13,2,195.44,0.882,0,16.8,226,0,0
31.16,20,4,25.48,1.223,0,80.5,1019,0,0
38.26,15,3,23.75,1.611,0,4.4,741,0,0
48.37,10,4,40.75,1.187,0,3.8,705,0,0
48.35,6,3,58.68,0.824,1,3.4,1781,0,0
56.37,17,2,49.14,1.147,0,7.3,75,0,0
91.22,17,2,109.58,0.833,1,13.6,1193,0,0
700.62,0,9,211.18,3.318,1,2342.4,112,5,1
20.2,3,3,14.2,1.422,0,13.8,1572,0,0
126.7,11,3,131.01,0.967,0,2.6,987,1,0
399.71,16,4,469.52,0.851,0,15.3,1385,0,0
89.74,20,1,106.03,0.846,0,2.2,1477,0,0
64.16,14,2,28.44,2.256,0,0.2,1573,0,0
198.96,10,2,225.95,0.881,0,19.4,1646,0,0
8.51,9,4,10.0,0.851,0,13.9,1949,0,0
24.38,13,5,22.42,1.088,0,7.4,922,0,0
238.68,6,3,238.02,1.003,0,5.4,1565,0,0
885.37,15,15,221.34,4.0,1,455.7,78,3,1
80.1,6,3,52.18,1.535,0,16.9,599,0,0
22.15,9,7,24.68,0.898,0,43.9,1823,0,0
160.11,11,4,114.72,1.396,0,8.0,132,0,0
288.49,14,1,229.66,1.256,0,6.3,1907,0,0
179.63,9,3,192.31,0.934,0,13.8,1648,0,0
19.13,9,3,18.34,1.043,0,28.5,1382,0,0
41.83,18,2,41.0,1.02,0,4.7,1454,1,0
41.78,17,1,34.48,1.212,0,19.6,1193,2,0
8.85,9,3,10.67,0.829,0,7.9,109,0,0
16.29,20,2,11.18,1.457,0,37.4,518,0,0
36.89,15,4,45.08,0.818,0,4.2,254,0,0
209.35,22,2,182.59,1.147,0,47.9,367,0,0
59.86,10,2,68.24,0.877,0,4.4,869,0,0
7.8,17,3,10.14,0.77,0,10.9,596,0,0
8.53,14,1,10.0,0.853,0,22.3,1032,0,0
354.28,10,2,421.06,0.841,1,1.3,1939,0,0
34.26,10,4,28.29,1.211,0,17.0,1972,0,0
114.97,18,2,108.65,1.058,1,2.9,1744,0,0
67.9,14,2,65.51,1.037,0,8.7,850,0,0
112.1,8,1,140.1,0.8,0,3.8,1358,0,0
33.41,19,4,13.26,2.52,1,20.6,1251,0,0
58.67,13,2,46.27,1.268,0,15.1,1863,0,0
72.45,10,2,41.28,1.755,0,14.6,689,0,0
25.27,11,2,20.14,1.255,0,9.5,102,0,0
6.9,15,3,10.0,0.69,0,22.1,750,0,0
53.17,13,4,39.46,1.348,0,16.1,345,1,0
24.0,5,3,21.11,1.137,0,3.6,1283,0,0
220.67,9,1,216.16,1.021,1,23.1,334,1,0
9.03,12,2,10.0,0.903,0,21.0,1978,0,0
6.77,15,3,10.0,0.677,0,0.2,879,0,0
75.22,20,3,92.59,0.812,0,5.1,1371,0,0
62.48,13,1,105.1,0.594,0,4.8,1615,0,0
21.28,5,1,27.4,0.777,0,0.7,436,0,0
53.21,9,1,62.81,0.847,0,7.8,1001,0,0
25.31,17,2,19.83,1.276,0,0.4,1968,0,0
51.58,11,3,38.12,1.353,1,23.4,1930,1,0
73.19,10,3,87.69,0.835,0,36.1,1185,0,0
1040.55,1,4,26.84,38.77,1,1006.4,25,0,1
24.22,11,5,24.29,0.997,0,15.9,262,0,0
7.57,7,4,10.0,0.757,0,33.8,1849,0,0
14.96,10,3,16.3,0.918,0,2.4,894,0,0
75.22,18,6,57.06,1.318,0,0.8,858,0,0
80.88,10,3,84.71,0.955,0,7.8,1229,0,0
69.55,6,4,93.33,0.745,0,10.7,1702,0,0
6.25,7,5,10.0,0.625,0,16.6,434,0,0
110.66,12,2,132.85,0.833,0,6.5,177,0,0
21.45,6,3,19.8,1.083,1,43.8,1119,0,0
866.1,0,8,84.92,10.199,0,1610.8,52,2,1
106.58,7,4,126.73,0.841,0,11.4,243,0,0
134.52,8,3,218.07,0.617,0,28.7,1202,0,0
137.22,7,2,42.61,3.22,0,24.6,792,0,0
116.54,21,2,90.72,1.285,0,17.0,1606,0,0
89.95,17,4,112.64,0.799,0,9.4,359,0,0
260.92,16,3,255.4,1.022,0,0.9,1602,0,0
5.63,22,3,10.0,0.563,1,1.0,366,0,0
7.98,14,3,10.56,0.756,0,4.3,1812,0,0
63.16,10,3,79.83,0.791,0,2.4,851,0,0
236.42,22,10,163.01,1.45,1,3468.4,71,5,1
127.07,9,5,117.32,1.083,0,3.5,482,0,0
54.9,21,4,60.26,0.911,0,17.5,1643,0,0
34.66,12,4,29.14,1.189,0,5.1,866,1,0
73.53,14,3,113.33,0.649,0,6.5,44,0,0
94.24,6,1,94.61,0.996,1,38.1,1829,0,0
23.83,1,4,10.86,2.194,0,1.2,86,0,0
6.37,5,2,10.0,0.637,1,25.4,1324,0,0
12.74,7,6,15.7,0.812,0,24.3,1389,0,0
19.13,4,5,20.05,0.954,1,7.6,204,0,0
117.89,7,5,118.4,0.996,0,4.8,641,0,0
18.73,15,6,14.09,1.329,0,3.6,726,0,0
70.74,10,1,79.46,0.89,0,20.1,1836,0,0
174.41,5,4,172.76,1.01,1,22.6,187,0,0
62.18,16,3,32.4,1.919,0,5.0,697,1,0
79.48,17,3,76.78,1.035,0,9.5,1382,0,0
46.84,13,5,71.57,0.654,0,4.1,610,0,0
425.65,14,3,423.86,1.004,0,5.3,1825,0,0
9.34,19,1,10.0,0.934,0,3.6,344,0,0
4201.95,21,9,99.12,42.394,0,4582.2,93,2,1
276.11,9,4,305.7,0.903,0,3.5,87,0,0
83.95,4,4,89.74,0.935,0,8.9,1639,0,0
302.82,17,5,297.94,1.016,0,0.7,79,0,0
8.96,17,4,10.14,0.884,0,3.1,691,0,0
72.31,9,2,93.51,0.773,0,9.3,1529,0,0
31.73,9,3,36.36,0.873,0,13.3,706,0,0
118.25,7,3,89.87,1.316,0,8.8,100,0,0
58.14,5,4,63.33,0.918,0,18.9,711,0,0
116.37,12,2,132.33,0.879,1,11.5,1406,0,0
25.65,3,2,36.04,0.712,0,26.9,689,0,0
282.7,12,3,368.24,0.768,0,9.5,1712,0,0
173.46,10,4,204.36,0.849,0,7.8,1626,0,0
8.99,6,2,10.0,0.899,0,28.2,1965,0,0
77.49,13,3,83.74,0.925,0,7.3,90,0,0
13.84,13,3,17.04,0.812,1,37.8,1584,0,0
147.59,7,2,143.94,1.025,0,7.7,346,0,0
741.72,4,10,88.56,8.375,1,348.4,13,4,1
15.57,15,1,20.84,0.747,0,1.2,885,0,0
92.93,17,4,81.42,1.141,0,57.4,89,0,0
20.48,13,2,32.28,0.635,0,13.9,902,0,0
18.46,6,4,26.3,0.702,0,5.5,1062,0,0
23.72,14,3,20.46,1.159,0,13.8,75,0,0
170.22,10,2,290.31,0.586,0,3.7,1894,0,0
230.85,14,2,297.86,0.775,0,24.6,495,0,0
66.97,16,1,66.91,1.001,0,21.9,1907,0,0
15.35,5,3,11.59,1.325,0,3.3,1821,0,0
18.76,7,4,15.62,1.201,0,3.3,1192,0,0
258.21,8,4,324.51,0.796,0,3.2,133,0,0
29.9,9,2,36.63,0.816,1,0.8,865,0,0
76.94,7,5,65.01,1.183,0,0.3,1043,0,0
72.41,10,2,79.67,0.909,0,1.2,821,0,0
40.9,19,2,35.5,1.152,0,17.9,672,0,0
141.07,16,2,111.5,1.265,0,3.3,1269,0,0
24.64,11,2,15.68,1.572,0,7.0,517,0,0
1302.14,16,12,32.11,40.547,1,2239.8,73,2,1
37.8,17,5,39.38,0.96,0,3.4,601,0,0
328.66,12,2,316.02,1.04,0,9.4,215,0,0
54.72,10,5,35.36,1.548,0,28.3,454,0,0
211.41,9,3,211.07,1.002,0,4.9,382,0,0
86.35,12,4,84.33,1.024,0,0.8,1404,0,0
97.6,13,6,86.6,1.127,0,14.4,581,0,0
29.72,15,2,34.68,0.857,0,26.9,1769,0,0
72.63,17,2,40.01,1.815,1,10.7,883,0,0
162.29,12,3,131.15,1.237,0,27.6,1689,0,0
29.47,11,4,29.57,0.997,0,12.1,695,0,0
150.96,9,3,154.98,0.974,0,5.6,1339,0,0
20.06,7,2,23.02,0.871,0,2.8,1404,0,0
63.45,17,2,87.06,0.729,1,2.4,264,0,0
15.52,10,4,13.99,1.109,0,2.5,226,0,0
49.75,21,3,78.86,0.631,0,6.0,1157,0,0
154.08,23,1,171.71,0.897,0,25.8,785,0,0
700.39,23,13,105.4,6.645,1,1627.3,15,1,1
46.04,15,2,52.8,0.872,0,6.7,1014,0,0
11.94,18,4,16.38,0.729,0,47.3,1595,0,0
56.82,16,7,84.24,0.674,0,8.5,1652,0,0
13.78,6,4,13.35,1.032,0,10.8,1164,0,0
217.71,1,8,115.19,1.89,1,1189.9,90,2,1
14.06,14,1,22.67,0.62,0,6.6,483,0,0
31.86,7,3,22.89,1.392,0,21.9,200,0,0
53.22,7,3,67.81,0.785,0,26.0,1356,0,0
83.59,8,2,62.02,1.348,0,1.6,691,0,0
34.18,20,5,36.81,0.929,0,8.2,250,0,0
148.57,17,4,162.31,0.915,0,3.6,675,0,0
177.38,11,2,165.02,1.075,0,17.8,1702,0,0
11.01,8,2,13.0,0.847,0,6.7,1847,0,0
18.7,9,3,20.03,0.934,0,8.1,420,0,0
155.78,15,1,176.16,0.884,0,3.7,1985,0,0
78.22,15,1,66.81,1.171,0,24.0,401,0,0
36.1,15,5,37.96,0.951,0,5.8,1805,0,0
37.37,9,3,33.44,1.117,0,28.5,240,0,0
65.23,11,2,82.9,0.787,0,2.6,380,1,0
13.87,13,5,17.03,0.815,0,0.3,1462,0,0
58.59,9,2,77.4,0.757,0,0.0,279,0,0
124.7,18,3,171.96,0.725,0,0.7,1291,0,0
26.35,5,4,19.0,1.387,0,7.3,704,2,0
147.27,15,4,133.36,1.104,0,4.8,1937,0,0
26.27,12,2,19.07,1.378,0,5.8,392,0,0
137.78,15,4,175.36,0.786,0,5.7,310,0,0
35.43,9,2,38.2,0.927,1,7.5,645,0,0
40.82,15,2,34.62,1.179,0,10.8,1890,0,0
6.45,9,4,10.0,0.645,0,2.1,629,1,0
14.03,14,1,11.11,1.263,1,16.7,1555,0,0
12.1,8,5,13.45,0.9,0,25.2,351,0,0
13.02,15,2,10.0,1.302,0,3.6,1053,0,0
66.3,8,2,58.26,1.138,0,2.2,1766,0,0
110.01,10,3,129.45,0.85,0,1.0,1422,0,0
173.9,13,2,196.67,0.884,0,64.0,1505,0,0
24.06,20,4,33.25,0.724,0,38.2,1459,0,0
642.53,3,9,43.73,14.692,1,697.7,17,0,1
37.38,15,3,45.43,0.823,0,49.4,1383,0,0
75.95,11,3,100.1,0.759,0,34.3,290,0,0
17.2,15,1,17.23,0.998,0,14.1,1105,0,0
30.24,5,3,31.48,0.961,0,3.5,1390,0,0
24.85,7,2,21.82,1.139,0,27.1,825,0,0
117.45,19,2,118.63,0.99,0,62.8,1496,0,0
143.39,12,4,75.02,1.911,1,2.0,974,0,0
6.93,16,2,10.0,0.693,1,21.1,1554,0,0
16.39,6,2,13.79,1.189,0,5.6,177,0,0
6.87,12,4,10.0,0.687,0,3.8,1854,0,0
83.42,12,2,115.72,0.721,0,4.8,1251,0,0
29.24,11,3,27.9,1.048,0,2.4,893,0,0
100.3,6,4,101.84,0.985,0,4.3,322,0,0
186.24,11,2,159.94,1.164,0,16.2,1620,0,0
497.28,4,8,64.87,7.666,1,1046.2,111,4,1
14.61,4,3,14.26,1.024,1,37.8,1571,0,0
101.08,7,2,71.94,1.405,0,29.7,163,0,0
196.81,13,5,179.51,1.096,0,18.3,136,0,0
73.33,9,4,91.63,0.8,0,12.0,1174,0,0
94.21,9,3,120.51,0.782,0,14.5,238,0,0
41.98,19,3,45.29,0.927,0,25.6,450,0,0
195.37,14,2,248.44,0.786,0,3.1,1866,0,0
47.49,12,4,47.44,1.001,0,15.8,1919,0,0
77.75,7,4,90.43,0.86,0,20.1,814,0,0
2057.4,1,12,56.65,36.318,1,1212.6,1,3,1
47.8,17,3,43.56,1.097,0,18.7,352,0,0
207.41,1,5,261.7,0.793,0,4.7,1003,0,0
68.45,5,2,67.05,1.021,0,10.5,1259,0,0
35.82,21,2,28.16,1.272,0,10.7,1698,0,0
36.4,10,1,32.83,1.109,0,2.3,1681,0,0
48.45,16,3,47.13,1.028,1,34.1,1014,0,0
7.75,16,1,10.0,0.775,0,15.8,1897,0,0
571.02,2,6,42.08,13.571,1,1598.6,79,3,1
37.41,18,5,48.11,0.778,0,12.1,1558,0,0
74.44,21,4,81.04,0.919,0,6.1,399,0,0
115.88,10,5,92.7,1.25,0,5.1,1643,0,0
10.16,9,5,10.88,0.934,0,5.7,1118,0,0
87.03,10,3,104.88,0.83,0,25.8,72,0,0
88.49,14,4,70.52,1.255,0,35.5,1702,0,0
172.29,2,2,116.62,1.477,1,7.3,184,0,0
133.24,15,4,132.93,1.002,0,9.7,1094,0,0
936.47,22,5,33.14,28.254,1,697.2,73,1,1
45.04,8,4,40.44,1.114,1,25.5,368,0,0
65.62,10,4,75.45,0.87,0,9.0,705,0,0
97.06,21,4,72.07,1.347,0,0.4,398,0,0
27.39,10,3,34.71,0.789,0,63.6,1107,0,0
93.36,10,2,113.2,0.825,1,15.6,1667,0,0
76.28,18,2,85.15,0.896,0,10.3,824,0,0
217.42,8,5,168.33,1.292,1,13.0,73,0,0
53.11,9,5,41.52,1.279,0,10.5,677,0,0
57.39,12,1,81.09,0.708,0,17.2,1505,0,0
88.71,9,2,59.03,1.503,1,36.2,1812,0,0
111.49,19,5,136.59,0.816,0,45.7,1349,0,0
57.32,13,1,55.92,1.025,1,15.6,916,0,0
100.22,15,4,90.44,1.108,0,1.2,1729,0,0
45.76,15,4,42.7,1.072,1,29.5,581,0,0
8.22,23,3,11.22,0.732,0,10.0,1393,0,0
327.96,5,1,400.18,0.82,0,15.5,1902,0,0
159.74,20,4,44.89,3.558,0,8.7,750,0,0
1164.99,0,8,308.85,3.772,1,1482.2,20,5,1
169.95,13,3,140.32,1.211,0,35.2,445,0,0
189.49,12,2,171.64,1.104,0,14.9,1366,0,0
709.52,13,10,82.93,8.556,0,864.8,44,3,1
67.43,14,2,43.02,1.567,0,10.6,562,0,0
722.07,21,9,146.65,4.924,0,657.7,62,0,1
34.32,8,5,31.76,1.081,0,0.7,1702,0,0
113.78,17,2,155.8,0.73,0,6.3,935,0,0
50.67,20,3,53.8,0.942,0,4.1,1923,0,0
2935.32,23,8,139.64,21.021,1,321.5,58,0,1
40.74,12,3,42.38,0.961,0,6.5,1461,0,0
89.09,20,7,86.57,1.029,0,18.2,909,0,0
43.01,20,1,43.69,0.984,0,5.0,242,0,0
17.73,13,5,18.23,0.973,0,11.9,1642,0,0
112.8,10,5,116.88,0.965,0,13.7,878,1,0
14.4,9,2,21.39,0.673,0,1.4,1263,0,0
170.61,9,3,166.85,1.023,0,0.4,1044,1,0
184.13,9,4,46.25,3.981,0,34.0,852,0,0
1310.98,16,11,24.72,53.041,0,4984.0,18,3,1
127.02,7,4,86.48,1.469,0,2.2,936,0,0
59.84,9,4,51.44,1.163,0,15.7,1134,0,0
126.84,12,3,137.58,0.922,0,22.2,1252,1,0
32.17,16,3,24.89,1.293,0,1.2,1733,0,0
29.71,8,3,35.17,0.845,0,11.2,1684,0,0
26.11,8,3,22.27,1.173,0,38.7,366,0,0
6.39,17,2,10.0,0.639,1,26.9,896,0,0
71.31,11,1,72.1,0.989,0,7.6,294,0,0
5.88,13,2,10.0,0.588,0,3.5,974,1,0
550.02,20,11,107.08,5.136,1,1315.2,9,3,1
24.45,12,1,30.73,0.796,0,11.0,39,0,0
89.63,11,5,67.13,1.335,0,2.3,666,0,0
28.84,10,4,15.22,1.894,0,15.4,516,0,0
7.36,8,2,10.0,0.736,0,4.7,1553,0,0
42.35,9,5,41.73,1.015,1,22.0,1143,0,0
193.43,8,4,295.03,0.656,0,18.3,1650,0,0
75.73,12,6,76.92,0.984,0,2.3,537,0,0
8.02,12,2,10.0,0.802,0,11.0,248,0,0
110.57,13,1,186.68,0.592,0,2.8,1845,0,0
5.63,6,1,10.0,0.563,0,6.1,262,0,0
58.84,5,2,21.07,2.792,0,37.5,1701,0,0
50.49,21,3,53.95,0.936,0,19.8,231,0,0
75.62,13,4,68.67,1.101,0,16.2,473,0,0
8.02,12,5,11.63,0.69,0,8.7,1076,0,0
82.11,11,4,72.34,1.135,0,6.6,274,0,0
25.09,11,5,22.62,1.109,0,4.7,1358,0,0
132.79,11,4,107.98,1.23,0,18.8,527,0,0
128.37,11,4,132.39,0.97,0,11.2,408,0,0
39.78,5,5,31.75,1.253,1,63.7,977,0,0
82.13,22,2,79.06,1.039,1,6.1,74,0,0
36.96,2,2,45.05,0.82,0,5.9,549,0,0
201.3,13,3,174.31,1.155,0,16.9,1605,0,0
102.7,17,2,105.24,0.976,0,0.3,1782,0,0
121.5,17,2,157.66,0.771,0,2.9,496,0,0
25.92,3,6,36.03,0.719,0,2.5,1924,0,0
139.52,23,4,145.88,0.956,0,12.1,1227,0,0
50.97,12,6,49.2,1.036,0,0.7,1826,0,0
5.76,7,2,10.0,0.576,0,47.6,658,0,0
76.75,17,3,72.07,1.065,0,1.8,1737,0,0
10.1,10,2,12.18,0.829,0,7.3,306,0,0
112.3,17,2,125.93,0.892,0,0.3,1666,0,0
72.91,13,2,56.32,1.295,0,9.0,859,0,0
35.28,13,5,33.84,1.043,0,38.1,1920,0,0
503.01,4,11,156.54,3.213,1,763.6,67,1,1
6.56,17,1,10.0,0.656,0,13.3,1093,0,0
151.83,12,3,152.18,0.998,0,0.7,744,0,0
48.53,7,4,46.64,1.041,0,13.9,407,0,0
130.26,7,3,179.72,0.725,0,13.9,503,0,0
75.9,10,2,59.03,1.286,0,0.9,636,0,0
126.25,8,3,78.23,1.614,0,40.2,1373,0,0
170.69,19,3,122.99,1.388,0,21.4,742,0,0
115.54,14,3,46.27,2.497,0,10.5,1765,0,0
58.62,5,4,49.74,1.178,0,0.5,1164,0,0
145.12,20,5,171.66,0.845,0,47.2,259,0,0
95.59,11,2,136.11,0.702,0,4.9,1400,0,0
1884.54,0,10,65.9,28.597,1,1786.2,39,1,1
48.94,18,3,37.18,1.316,0,41.9,420,0,0
65.6,4,1,65.74,0.998,0,35.2,816,1,0
269.7,6,2,320.24,0.842,0,4.5,190,0,0
18.03,19,2,11.07,1.629,1,63.9,1009,0,0
66.69,17,3,89.97,0.741,0,15.5,1676,0,0
124.31,16,3,126.93,0.979,0,21.7,1891,0,0
212.81,6,2,261.14,0.815,0,6.7,1391,0,0
42.94,19,2,27.81,1.544,0,16.6,1843,0,0
40.43,2,3,43.51,0.929,0,27.8,486,0,0
51.29,18,4,41.05,1.249,0,1.5,459,0,0
38.48,8,4,38.71,0.994,0,28.3,1146,0,0
409.24,14,3,410.72,0.996,0,10.7,1261,0,0
328.79,14,2,441.46,0.745,0,0.8,399,0,0
420.39,16,9,130.16,3.23,0,294.9,36,3,1
73.82,7,5,80.98,0.912,0,29.7,1037,0,0
169.7,7,3,138.58,1.225,0,23.5,382,0,0
56.49,10,2,55.22,1.023,0,6.8,1553,0,0
106.0,12,5,99.46,1.066,0,6.5,512,0,0
109.69,3,6,119.71,0.916,0,7.6,1418,0,0
173.72,19,2,159.9,1.086,0,13.8,1636,0,0
260.49,17,4,272.77,0.955,0,47.6,420,0,0
65.53,17,2,85.56,0.766,0,23.9,1715,1,0
37.25,9,2,22.63,1.646,0,15.6,1003,0,0
10.54,13,1,10.0,1.054,0,34.6,1872,0,0
43.14,11,4,43.27,0.997,0,12.8,435,0,0
735.67,4,13,167.86,4.383,1,2147.3,10,2,1
105.58,8,4,144.29,0.732,0,3.1,1245,0,0
9.19,13,3,10.0,0.919,1,2.8,1112,0,0
6.68,17,3,10.0,0.668,0,25.8,368,0,0
63.47,9,5,80.18,0.792,0,7.1,888,0,0
12.01,10,1,17.42,0.69,0,13.9,1609,1,0
132.55,15,2,131.85,1.005,0,5.7,1530,0,0
1337.71,2,11,95.31,14.035,0,2721.7,32,0,1
6.84,16,6,10.0,0.684,0,2.7,1336,0,0
19.32,12,3,23.52,0.821,1,8.9,1568,0,0
126.79,13,3,147.97,0.857,0,10.7,621,0,0
10.36,8,3,11.3,0.916,0,6.8,1859,0,0
425.2,3,6,90.29,4.709,1,1504.0,13,2,1
195.23,16,3,146.87,1.329,0,28.2,1445,0,0
151.41,14,1,165.19,0.917,0,30.8,397,0,0
37.09,16,2,25.88,1.433,0,9.6,703,0,0
22.73,20,6,19.32,1.177,0,0.1,1147,0,0
27.61,8,3,26.71,1.034,0,17.2,1166,0,0
248.16,12,3,307.88,0.806,0,9.2,1754,0,0
24.89,19,3,20.27,1.228,0,12.1,1317,0,0
102.22,17,3,115.87,0.882,0,12.3,1285,0,0
63.73,20,3,61.62,1.034,0,6.6,1835,0,0
195.25,9,3,199.18,0.98,0,3.2,61,0,0
11.39,17,3,10.59,1.076,0,8.0,1069,0,0
284.93,0,5,529.68,0.538,1,386.6,53,1,1
1620.06,23,12,196.96,8.225,1,397.1,57,2,1
260.52,3,10,54.81,4.753,1,794.3,24,4,1
11.21,7,2,11.89,0.942,0,2.1,1867,0,0
93.34,10,3,104.84,0.89,0,1.6,416,0,0
171.98,8,2,212.09,0.811,0,2.2,41,0,0
205.57,22,7,224.48,0.916,1,444.9,44,0,1
23.84,11,2,20.56,1.159,0,19.8,783,0,0
85.17,13,3,31.5,2.704,0,27.4,1455,0,0
10.77,10,3,10.63,1.013,0,29.5,408,0,0
18.59,14,5,28.97,0.642,1,7.3,419,0,0
69.08,22,1,80.72,0.856,0,25.6,1029,0,0
50.15,6,2,44.64,1.123,0,27.6,846,0,0
131.94,7,2,155.33,0.849,1,6.6,1586,0,0
642.04,23,5,81.55,7.873,1,1277.0,72,2,1
14.02,17,4,14.03,0.999,0,26.3,1046,0,0
63.53,11,3,50.04,1.269,0,23.7,99,0,0
149.51,8,5,105.56,1.416,0,23.1,910,0,0
26.8,7,3,15.01,1.785,0,53.7,452,0,0
9.67,13,1,10.0,0.967,0,34.5,227,0,0
123.68,19,2,137.74,0.898,0,4.0,1242,0,0
658.28,3,10,81.48,8.079,0,267.3,30,5,1
95.84,14,2,87.49,1.095,0,0.4,1960,0,0
977.15,15,10,207.86,4.701,1,1741.3,54,3,1
33.81,1,2,50.23,0.673,0,7.6,785,1,0
34.69,19,5,34.87,0.995,0,36.9,1304,0,0
14.25,8,2,10.0,1.425,0,7.4,574,0,0
8.98,10,2,10.0,0.898,0,1.4,661,0,0
950.92,4,4,125.66,7.567,1,308.5,12,3,1
8.35,16,6,10.62,0.786,0,20.7,786,0,0
10.4,11,4,10.0,1.04,0,8.3,1985,0,0
28.15,7,4,25.66,1.097,1,14.8,262,0,0
1570.82,0,10,611.36,2.569,1,2612.9,12,4,1
97.24,16,2,119.92,0.811,0,7.5,1549,0,0
32.81,9,1,37.62,0.872,0,7.3,822,0,0
32.43,12,1,28.97,1.12,0,9.8,754,0,0
99.51,12,2,77.39,1.286,0,28.3,686,0,0
157.03,20,3,179.0,0.877,1,4.5,1791,0,0
64.76,13,1,63.04,1.027,0,0.9,162,1,0
103.38,2,4,147.99,0.699,1,50.4,1147,0,0
25.01,8,2,22.79,1.097,0,0.7,1355,0,0
9.82,18,2,10.14,0.969,0,11.9,291,0,0
13.96,12,7,15.83,0.882,0,11.7,1231,0,0
127.96,13,3,106.25,1.204,0,10.7,1784,0,0
120.25,17,1,93.05,1.292,0,35.3,85,0,0
76.59,16,5,81.23,0.943,1,6.1,382,0,0
12.19,10,5,15.22,0.801,0,7.3,1428,0,0
26.67,7,4,18.48,1.443,1,11.9,773,0,0
20.53,8,3,13.73,1.495,0,4.0,1217,0,0
7.02,9,2,10.0,0.702,0,3.8,1361,0,0
11.83,13,1,10.02,1.181,0,5.9,667,0,0
103.43,18,1,72.0,1.437,0,32.8,172,0,0
38.9,17,2,41.6,0.935,0,30.0,1576,0,0
72.43,15,2,69.44,1.043,0,24.2,177,0,0
125.23,9,4,134.83,0.929,0,5.6,1251,0,0
153.97,6,4,109.37,1.408,0,50.5,1607,0,0
26.6,8,2,27.21,0.978,1,13.0,499,0,0
107.62,14,1,94.94,1.133,0,8.8,1579,0,0
103.62,13,2,130.96,0.791,0,39.0,1023,0,0
32.59,12,1,44.18,0.738,0,12.9,1176,1,0
110.53,15,3,100.84,1.096,0,2.6,709,0,0
113.95,9,4,113.76,1.002,0,0.6,277,0,0
204.12,13,2,225.46,0.905,1,15.9,652,0,0
617.93,13,1,284.71,2.17,0,42.6,1158,0,0
28.11,17,2,27.81,1.011,0,22.4,797,0,0
106.35,10,3,80.86,1.315,0,17.7,1906,0,0
19.82,19,4,29.01,0.683,0,9.4,675,0,0
849.98,23,9,175.68,4.838,1,433.8,2,3,1
87.44,15,1,101.36,0.863,0,4.1,331,0,0
47.15,11,1,55.36,0.852,0,2.6,515,0,0
71.43,9,4,65.33,1.093,0,1.9,1800,0,0
966.71,0,6,145.92,6.625,0,375.1,121,5,1
23.22,15,1,16.55,1.403,0,20.0,83,0,0
82.62,18,4,85.76,0.963,0,11.0,457,0,0
79.76,15,1,74.01,1.078,0,12.9,1082,0,0
11.69,16,3,12.59,0.928,0,11.9,1427,0,0
80.2,17,3,77.25,1.038,0,1.0,1338,0,0
563.13,11,2,679.16,0.829,0,43.9,1140,0,0
171.83,11,4,158.67,1.083,0,17.0,1571,0,0
16.04,10,1,11.76,1.363,0,5.2,1997,0,0
66.6,10,2,102.63,0.649,0,27.6,1479,0,0
13.82,19,2,10.0,1.382,0,20.4,571,0,0
49.89,18,2,51.89,0.961,0,5.0,684,0,0
20.49,7,3,30.17,0.679,0,31.6,274,0,0
170.91,20,1,199.23,0.858,0,1.7,1953,0,0
132.69,9,8,92.3,1.438,0,2.3,851,0,0
73.47,9,2,43.83,1.676,0,25.9,775,0,0
97.03,9,1,91.97,1.055,0,20.0,1261,0,0
126.29,16,2,129.38,0.976,0,27.2,919,0,0
157.21,11,5,108.15,1.454,0,56.7,247,0,0
17.72,13,1,16.6,1.068,0,1.2,1826,0,0
15.55,12,1,11.57,1.344,0,4.0,1978,0,0
16.32,9,3,19.93,0.819,0,8.3,479,0,0
116.99,14,2,173.72,0.673,0,32.4,1319,0,0
171.95,13,2,181.03,0.95,0,26.0,367,0,0
45.57,23,2,37.08,1.229,0,3.7,1828,0,0
134.67,10,2,137.64,0.978,0,4.9,45,0,0
189.76,16,1,180.28,1.053,0,15.6,1250,0,0
108.43,14,2,75.42,1.438,0,4.0,542,0,0
136.07,20,3,114.15,1.192,0,6.7,429,0,0
70.59,18,1,74.01,0.954,0,1.0,34,0,0
111.63,6,3,110.85,1.007,0,22.3,1199,0,0
66.04,11,3,97.36,0.678,0,3.1,177,0,0
10.68,16,3,10.0,1.068,0,31.1,1079,0,0
42.71,12,4,54.59,0.782,0,15.5,1414,0,0
30.15,17,3,23.99,1.257,0,6.2,718,0,0
59.9,15,5,71.37,0.839,0,53.6,71,0,0
2307.34,22,10,110.41,20.897,1,668.8,53,3,1
328.38,4,9,54.36,6.041,1,646.3,57,4,1
31.04,13,5,32.53,0.954,0,72.6,536,0,0
11.44,14,6,10.0,1.144,0,32.8,987,0,0
3144.16,21,10,79.25,39.673,1,980.3,127,4,1
103.06,16,1,78.77,1.308,0,6.1,207,0,0
145.99,12,3,174.93,0.835,0,27.6,1143,0,0
31.22,11,4,39.92,0.782,0,7.9,1331,0,0
216.86,7,3,329.58,0.658,0,24.9,1592,0,0
144.51,8,2,198.67,0.727,1,8.3,1382,0,0
158.58,7,2,78.92,2.009,0,46.5,1381,0,0
10.9,12,1,10.0,1.09,0,3.4,1988,0,0
13.48,12,1,15.26,0.883,0,5.4,778,0,0
80.78,16,4,80.09,1.009,0,4.6,694,0,0
185.14,5,1,188.92,0.98,0,18.3,1230,0,0
119.18,13,1,127.22,0.937,0,10.0,589,0,0
72.52,19,4,68.59,1.057,1,21.0,1842,0,0
39.71,16,6,35.74,1.111,0,23.7,1669,0,0
78.29,18,5,83.23,0.941,0,2.9,907,1,0
10.7,3,3,10.28,1.041,0,3.4,612,0,0
30.66,8,4,27.3,1.123,0,13.4,814,0,0
73.84,14,2,59.01,1.251,0,3.5,337,0,0
124.47,9,4,88.38,1.408,0,4.0,758,0,0
30.37,7,1,12.14,2.503,0,22.3,1793,0,0
22.32,16,2,24.15,0.924,0,2.9,742,0,0
69.51,0,2,73.85,0.941,0,1.9,939,0,0
16.39,14,2,10.0,1.639,0,4.6,867,0,0
20.37,7,4,29.26,0.696,0,19.6,1269,0,0
22.19,7,1,23.8,0.932,0,19.1,1574,0,0
88.32,14,2,137.14,0.644,0,24.0,1489,0,0
147.11,4,3,159.78,0.921,0,6.0,1437,0,0
19.45,13,1,20.53,0.947,0,2.1,679,0,0
46.78,21,4,61.05,0.766,0,0.4,377,0,0
61.21,9,6,64.86,0.944,0,16.5,1660,0,0
91.77,12,5,79.61,1.153,0,4.7,1750,0,0
162.38,13,3,101.91,1.593,0,3.2,555,0,0
27.51,15,3,19.42,1.416,1,11.0,1273,0,0
42.3,12,2,37.23,1.136,0,6.4,388,0,0
13.4,13,4,14.43,0.928,0,7.6,533,0,0
158.35,10,5,134.19,1.18,0,8.3,342,0,0
70.84,13,1,40.84,1.735,0,6.1,154,0,0
11.88,21,2,15.71,0.756,0,4.1,1646,0,0
260.77,5,9,205.25,1.27,1,621.0,4,3,1
42.33,18,3,60.99,0.694,0,15.4,1566,0,0
10.34,12,3,10.04,1.03,0,5.5,1936,0,0
29.41,18,3,31.55,0.932,0,4.2,1372,0,0
144.88,12,3,130.98,1.106,0,17.2,861,0,0
120.95,15,2,71.69,1.687,0,20.8,294,0,0
92.42,11,2,75.93,1.217,0,0.2,1870,0,0
152.35,0,5,132.03,1.154,0,100.6,852,0,0
113.17,11,6,113.64,0.996,0,15.7,109,0,0
15.25,6,1,15.55,0.981,1,1.4,739,0,0
153.56,16,5,101.93,1.507,0,1.5,1910,0,0
7.83,11,7,10.0,0.783,0,0.9,1914,0,0
6.49,18,2,10.0,0.649,0,1.2,1012,0,0
83.81,8,2,56.83,1.475,1,12.8,241,0,0
69.76,20,5,89.15,0.782,0,15.4,81,0,0
31.38,12,2,41.12,0.763,0,5.9,657,0,0
39.86,15,2,42.88,0.93,0,16.3,1719,0,0
217.86,11,1,215.8,1.01,0,5.9,443,0,0
87.68,6,1,57.03,1.537,0,8.0,1731,0,0
59.15,9,2,63.82,0.927,0,4.5,1495,0,0
171.33,10,2,100.07,1.712,0,2.3,1264,0,0
52.43,12,5,54.24,0.967,1,14.6,1674,0,0
143.31,15,4,168.97,0.848,0,20.3,915,0,0
196.21,12,5,198.33,0.989,0,1.8,1659,0,0
28.53,11,5,31.84,0.896,0,53.6,427,1,0
63.34,8,3,54.09,1.171,0,25.2,1831,0,0
61.57,21,5,83.35,0.739,0,4.9,1681,0,0
141.22,11,3,151.55,0.932,0,6.7,213,0,0
25.78,10,2,23.1,1.116,0,1.7,1060,0,0
7.29,16,3,10.0,0.729,0,1.7,1831,0,0
77.23,17,2,69.67,1.108,0,13.0,97,0,0
87.93,15,3,91.44,0.962,0,4.8,1404,0,0
77.21,13,3,91.45,0.844,0,8.3,723,2,0
25.62,19,1,25.73,0.996,0,13.6,364,0,0
6.61,8,8,10.0,0.661,0,7.2,1509,0,0
150.07,18,5,121.92,1.231,0,8.6,1809,0,0
60.06,6,4,91.59,0.656,0,32.4,1582,0,0
72.08,16,3,127.88,0.564,0,16.8,1399,0,0
44.62,13,6,53.86,0.829,1,3.3,219,1,0
6.93,13,2,10.0,0.693,1,18.1,1017,0,0
229.62,22,1,207.8,1.105,0,13.8,1982,0,0
271.92,19,4,294.56,0.923,0,11.1,534,0,0
74.08,9,3,86.23,0.859,0,43.6,761,0,0
28.3,13,2,21.59,1.311,0,7.8,479,0,0
6.66,8,2,10.0,0.666,0,17.0,1727,0,0
23.55,5,2,26.11,0.902,0,1.4,67,0,0
110.26,8,4,123.47,0.893,0,27.3,1714,0,0
15.28,17,4,16.9,0.904,0,49.9,1032,0,0
25.7,6,3,14.32,1.795,0,1.2,1075,0,0
265.78,8,3,216.89,1.225,0,0.4,1838,1,0
35.54,14,7,26.73,1.33,0,21.8,830,0,0
89.07,13,7,120.95,0.736,0,18.3,203,0,0
115.05,8,1,107.49,1.07,0,3.6,212,0,0
143.44,20,3,140.95,1.018,1,0.8,1979,0,0
27.02,11,3,27.88,0.969,0,27.4,987,0,0
5.75,19,3,10.0,0.575,0,9.1,1094,0,0
216.99,10,2,111.2,1.951,0,2.9,983,0,0
81.44,16,3,64.11,1.27,0,13.6,1723,0,0
169.64,17,2,240.74,0.705,0,16.4,1130,0,0
87.64,8,3,93.78,0.935,0,5.3,397,0,0
11.97,5,5,10.44,1.146,1,3.1,80,2,0
49.66,16,4,33.31,1.491,0,15.9,1941,0,0
76.26,13,6,101.68,0.75,0,27.7,329,0,0
59.93,11,1,42.34,1.415,1,4.6,458,0,0
41.91,19,4,55.52,0.755,0,4.8,1587,0,0
76.61,14,2,56.95,1.345,0,1.2,614,0,0
175.31,13,3,172.02,1.019,1,6.7,262,0,0
112.28,10,2,147.26,0.762,0,4.0,1115,0,0
26.17,16,3,28.19,0.928,0,8.5,392,0,0
26.24,15,1,14.94,1.756,0,1.9,596,0,0
170.55,13,3,183.97,0.927,0,9.1,397,0,0
25.5,18,4,23.21,1.099,0,4.0,257,0,0
35.49,16,2,25.62,1.385,0,22.3,713,0,0
69.26,13,4,101.42,0.683,0,10.4,796,0,0
11.7,14,5,11.22,1.043,0,8.0,1172,0,0
127.6,17,3,114.56,1.114,0,57.7,842,0,0
109.39,20,2,67.68,1.616,1,15.8,1080,0,0
843.66,21,9,172.04,4.904,1,2838.6,184,5,1
161.49,15,3,128.62,1.256,0,3.9,1986,0,0
17.34,18,1,15.44,1.123,0,1.1,1242,0,0
49.89,13,4,59.88,0.833,0,21.3,1385,0,0
9.0,11,1,10.0,0.9,0,17.4,1754,0,0
7.62,19,4,10.16,0.75,0,6.0,1861,0,0
150.21,18,2,142.11,1.057,0,14.1,839,0,0
74.94,18,2,34.45,2.175,0,14.3,192,0,0
43.83,16,3,30.91,1.418,0,13.3,637,0,0
189.96,14,3,118.2,1.607,0,18.1,1272,0,0
60.07,13,1,85.15,0.706,0,13.8,1876,0,0
10.81,11,3,10.0,1.081,1,28.9,1824,0,0
63.61,15,4,73.61,0.864,0,26.4,1591,0,0
14.46,17,2,10.97,1.318,0,4.5,539,0,0
940.65,6,9,66.79,14.083,1,667.9,165,4,1
8.7,19,1,10.0,0.87,0,40.3,1804,0,0
96.06,17,4,48.36,1.986,0,1.6,755,0,0
58.33,15,6,77.19,0.756,0,3.0,679,0,0
206.75,11,1,243.96,0.847,0,41.0,1848,0,0
32.32,11,2,45.06,0.717,0,8.3,163,0,0
165.23,14,4,143.81,1.149,0,13.3,229,0,0
173.25,23,2,238.66,0.726,0,15.8,254,0,0
74.89,14,6,50.8,1.474,0,2.9,1109,0,0
7.59,22,5,10.0,0.759,0,15.2,126,0,0
21.64,6,1,22.26,0.972,0,9.4,1742,0,0
140.27,14,4,77.12,1.819,0,1.5,1131,0,0
253.53,15,3,258.26,0.982,0,41.8,381,0,0
100.26,15,2,142.15,0.705,0,1.4,655,0,0
177.57,11,3,186.45,0.952,0,11.1,1407,0,0
325.16,15,3,264.42,1.23,0,34.3,846,0,0
221.24,9,1,206.1,1.073,1,2.0,528,0,0
276.11,12,2,323.98,0.852,0,20.9,1540,0,0
29.31,15,4,17.66,1.66,0,13.7,1407,0,0
38.13,23,2,35.65,1.07,0,16.2,1611,0,0
134.3,10,2,154.49,0.869,0,16.2,665,0,0
56.72,11,6,55.66,1.019,0,9.7,1647,0,0
685.43,1,9,119.64,5.729,1,1042.0,5,1,1
25.78,5,3,28.62,0.901,0,4.5,700,0,0
3423.15,2,9,170.76,20.046,1,388.4,135,3,1
35.62,23,5,39.56,0.9,0,1.1,1993,1,0
11.59,13,4,12.2,0.95,0,18.4,743,0,0
261.13,9,1,286.81,0.91,0,22.5,1198,0,0
200.87,11,1,290.29,0.692,0,30.7,571,0,0
15.26,18,6,16.12,0.946,0,16.9,250,0,0
201.41,11,2,201.92,0.997,1,5.8,1670,0,0
102.39,18,6,49.99,2.048,0,18.1,1056,0,0
853.81,19,6,198.29,4.306,1,738.0,89,3,1
584.26,13,3,629.25,0.929,1,8.9,1748,0,0
9.45,7,6,10.67,0.886,0,10.6,1063,0,0
168.48,11,4,113.37,1.486,0,25.4,1377,0,0
26.43,8,4,30.63,0.863,0,12.6,762,0,0
299.8,11,4,180.7,1.659,0,34.8,1044,0,0
109.16,15,1,111.4,0.98,0,0.5,771,0,0
101.13,11,1,62.77,1.611,1,5.6,1424,0,0
96.59,15,3,101.3,0.954,0,60.0,491,0,0
15.75,14,2,16.63,0.947,0,37.1,1190,0,0
95.92,13,5,106.77,0.898,0,16.2,1218,0,0
13.79,11,3,13.93,0.99,0,47.9,955,0,0
295.12,9,2,377.97,0.781,0,17.5,1609,0,0
134.39,11,3,103.83,1.294,0,1.4,1393,0,0
60.76,20,5,56.12,1.083,1,2.4,788,0,0
148.8,7,3,125.48,1.186,0,56.5,1643,0,0
13.8,14,3,12.92,1.069,0,3.3,833,0,0
23.32,18,3,17.19,1.357,0,1.6,484,0,0
97.9,15,3,136.67,0.716,0,11.2,1524,0,0
10.06,19,4,11.44,0.879,0,13.3,1881,0,0
68.75,11,3,61.22,1.123,0,38.5,508,0,0
67.63,13,1,92.83,0.729,0,27.2,803,0,0
1457.42,13,9,36.99,39.404,1,2298.9,7,3,1
40.4,9,3,52.89,0.764,0,17.8,415,0,0
119.38,7,1,104.79,1.139,0,31.8,519,0,0
138.17,9,3,152.29,0.907,0,11.4,740,0,0
86.85,14,2,94.32,0.921,0,0.6,283,0,0
62.58,11,3,57.04,1.097,0,12.2,1545,1,0
63.82,8,2,47.21,1.352,0,7.5,1021,0,0
5.39,10,5,10.0,0.539,0,23.5,1674,0,0
101.21,20,1,69.62,1.454,0,10.3,886,0,0
5.48,16,4,10.0,0.548,0,102.7,684,1,0
35.14,12,1,53.1,0.662,0,3.9,1059,0,0
151.8,8,3,186.29,0.815,1,15.1,631,0,0
43.06,5,2,49.42,0.871,0,5.4,927,0,0
105.42,13,4,72.32,1.458,0,2.9,612,0,0
42.55,13,2,50.03,0.85,0,7.2,472,0,0
5.68,8,1,10.0,0.568,0,2.0,704,0,0
22.12,14,1,32.74,0.676,0,14.9,595,0,0
14.28,11,3,20.78,0.687,0,21.2,545,0,0
52.61,13,2,70.55,0.746,0,6.7,1988,0,0
27.76,9,1,33.72,0.823,0,4.7,439,0,0
376.76,1,2,541.03,0.696,0,0.6,892,0,0
129.77,9,3,104.91,1.237,0,7.1,1114,0,0
34.84,6,3,34.8,1.001,0,7.8,290,0,0
33.93,8,4,36.37,0.933,0,13.5,205,0,0
104.62,18,4,85.05,1.23,1,111.5,1996,0,0
100.14,10,2,113.27,0.884,0,24.5,645,0,0
98.36,17,3,72.03,1.366,0,15.1,1343,0,0
124.02,20,3,77.26,1.605,0,20.3,789,0,0
415.61,5,6,34.91,11.906,1,641.2,30,4,1
115.06,8,2,125.63,0.916,0,18.9,1390,0,0
75.19,21,3,43.69,1.721,0,16.5,555,0,0
118.68,16,2,175.59,0.676,0,1.6,1023,0,0
157.23,20,1,127.64,1.232,0,7.3,1326,1,0
137.34,16,1,200.14,0.686,0,10.6,158,0,0
22.67,9,5,22.63,1.002,0,13.2,1403,0,0
58.48,20,1,55.98,1.045,1,18.4,1695,0,0
149.81,20,3,157.37,0.952,0,19.1,245,0,0
32.87,17,5,31.74,1.036,0,13.7,1066,0,0
39.38,9,1,34.23,1.15,0,4.1,1878,0,0
66.65,17,5,85.56,0.779,1,3.0,1711,0,0
91.17,13,2,60.74,1.501,0,7.5,147,1,0
82.44,10,4,63.98,1.289,0,10.4,1003,0,0
214.85,19,1,267.44,0.803,1,28.5,630,0,0
2045.49,22,10,110.89,18.446,1,605.2,47,2,1
89.88,14,4,110.13,0.816,1,0.5,1441,0,0
62.92,19,1,76.65,0.821,0,0.4,201,0,0
224.54,12,1,272.31,0.825,0,2.2,127,0,0
97.34,2,4,108.07,0.901,0,3.3,1985,0,0
155.51,8,4,230.91,0.673,1,20.2,91,0,0
121.56,5,3,100.42,1.211,1,12.5,1083,0,0
202.42,7,3,124.3,1.628,0,4.6,1408,0,0
27.04,6,3,29.85,0.906,0,11.1,516,0,0
66.03,13,6,51.13,1.292,0,36.0,1459,0,0
71.99,18,3,53.49,1.346,0,21.0,1963,0,0
86.32,13,5,63.86,1.352,0,1.1,1310,0,0
128.32,17,2,117.68,1.09,0,17.6,931,0,0
42.18,17,7,38.98,1.082,0,15.4,873,0,0
102.92,19,2,76.52,1.345,0,7.1,899,0,0
46.53,16,7,30.24,1.539,0,0.9,1889,0,0
761.67,23,10,275.82,2.761,1,492.2,13,0,1
105.43,19,4,86.52,1.219,0,4.5,238,0,0
145.78,7,3,150.17,0.971,0,34.4,1809,2,0
14.09,8,2,12.71,1.108,0,3.4,932,0,0
30.6,19,2,24.34,1.257,0,6.0,1490,0,0
45.82,19,6,41.19,1.112,1,1.8,1232,0,0
182.4,10,2,164.21,1.111,0,4.4,514,0,0
10.12,10,2,10.0,1.012,0,6.4,302,0,0
48.51,11,5,54.97,0.883,0,76.4,173,0,0
40.48,8,1,41.46,0.976,0,0.3,1519,0,0
14.76,10,3,10.0,1.476,0,4.2,1540,0,0
153.42,14,2,169.57,0.905,0,3.3,1688,0,0
22.6,10,2,12.43,1.818,0,35.9,1104,0,0
15.37,9,2,18.27,0.841,0,11.2,1163,0,0
119.01,8,2,72.58,1.64,0,14.2,366,0,0
77.66,9,2,34.18,2.272,0,15.0,1166,0,0
50.94,18,3,58.05,0.877,0,31.2,753,0,0
19.97,17,5,16.93,1.18,0,6.0,90,0,0
163.17,8,3,166.15,0.982,0,44.2,1376,0,0
73.03,11,1,46.13,1.583,0,6.2,298,0,0
12.44,17,1,20.02,0.622,0,5.8,1117,0,0
18.14,13,2,17.79,1.02,0,6.3,1055,0,0
119.85,9,4,128.83,0.93,0,123.4,1780,0,0
71.1,16,2,49.09,1.448,0,50.5,1710,0,0
31.44,9,3,40.07,0.785,0,2.9,734,0,0
86.45,16,4,117.18,0.738,0,19.2,515,0,0
123.18,9,2,175.35,0.702,1,5.6,1971,0,0
101.89,13,4,94.17,1.082,0,10.7,1144,0,0
94.38,10,3,124.9,0.756,0,5.3,934,0,0
10.31,17,2,10.0,1.031,0,19.9,1265,0,0
5.92,7,4,10.0,0.592,0,37.2,79,0,0
57.82,13,1,54.84,1.054,0,2.1,415,0,0
47.28,14,4,53.39,0.885,0,9.1,1251,0,0
549.92,4,8,475.21,1.157,0,270.9,32,0,1
80.21,13,2,95.95,0.836,0,1.8,1835,1,0
21.78,19,3,23.18,0.94,0,17.2,234,0,0
30.39,3,1,31.85,0.954,0,33.1,1049,0,0
22.87,0,2,22.25,1.028,0,2.4,274,0,0
202.52,15,3,162.86,1.244,0,26.6,1919,1,0
124.42,11,1,152.02,0.818,0,17.1,610,0,0
64.81,9,1,23.17,2.797,0,19.2,966,0,0
14.36,20,2,10.0,1.436,0,12.5,380,0,0
693.34,15,10,27.26,25.432,1,283.3,7,0,1
655.58,20,6,39.99,16.393,0,208.9,37,1,1
63.98,3,3,46.58,1.374,0,24.0,1586,0,0
14.24,17,2,13.2,1.078,0,4.3,328,0,0
79.94,16,4,23.1,3.46,0,17.9,528,0,0
157.96,15,5,164.71,0.959,0,2.7,614,0,0
153.2,15,3,205.05,0.747,0,16.5,1606,0,0
96.23,14,3,97.58,0.986,0,28.6,209,0,0
6.79,18,3,10.0,0.679,0,7.4,1838,1,0
85.7,6,2,114.83,0.746,0,7.8,212,0,0
33.57,19,3,42.29,0.794,0,58.3,323,2,0
35.89,14,2,37.29,0.963,1,6.0,1225,0,0
135.59,9,3,175.38,0.773,0,15.9,1565,0,0
60.94,7,3,64.91,0.939,0,26.0,689,0,0
80.28,20,5,49.28,1.629,0,13.5,1215,0,0
43.08,0,3,50.27,0.857,0,0.7,1928,0,0
75.68,8,3,41.49,1.824,0,5.3,1908,0,0
93.73,10,4,74.9,1.251,0,1.1,1421,0,0
91.57,7,3,104.51,0.876,0,11.3,372,0,0
295.08,22,13,567.26,0.52,0,2700.4,48,5,1
36.83,3,3,53.2,0.692,0,18.9,1665,0,0
240.32,13,5,260.46,0.923,0,7.6,1916,0,0
248.58,9,1,170.39,1.459,0,8.0,512,0,0
33.15,9,6,24.78,1.337,0,0.1,1974,0,0
80.83,1,4,76.48,1.057,0,7.2,54,0,0
85.19,16,1,77.26,1.103,0,3.2,1553,0,0
87.72,16,5,82.26,1.066,0,6.0,48,0,0
105.31,13,4,64.54,1.632,0,19.3,1045,1,0
305.03,3,6,52.99,5.757,1,2333.6,18,3,1
38.32,14,2,37.32,1.027,0,10.3,544,0,0
134.65,15,3,131.12,1.027,0,2.7,1020,0,0
112.76,20,2,136.84,0.824,0,25.6,1916,0,0
242.45,6,8,77.23,3.139,1,365.2,227,3,1
170.83,12,2,161.14,1.06,0,11.1,1781,0,0
71.29,11,2,87.98,0.81,0,0.7,1271,0,0
58.82,14,1,23.78,2.474,0,1.7,1069,0,0
161.75,8,2,92.24,1.754,0,24.3,1780,0,0
91.46,11,4,95.16,0.961,0,20.6,842,0,0
2092.68,23,11,29.12,71.852,1,779.2,38,2,1
44.81,5,2,45.2,0.991,0,3.7,123,0,0
14.55,13,2,23.35,0.623,0,12.4,261,0,0
453.38,4,8,52.47,8.64,1,837.5,30,3,1
115.36,18,3,105.1,1.098,1,11.0,299,0,0
20.03,17,2,15.69,1.277,0,5.8,358,1,0
122.61,20,2,131.16,0.935,0,45.2,1300,0,0
97.17,12,3,86.73,1.12,0,7.7,258,0,0
195.15,12,3,119.88,1.628,0,3.7,1551,0,0
264.31,10,3,124.0,2.131,0,2.7,1782,0,0
109.79,6,4,91.77,1.196,0,20.6,1772,0,0
284.31,18,1,233.85,1.216,0,22.8,983,1,0
34.52,7,5,43.14,0.8,0,8.6,969,0,0
76.28,16,3,69.26,1.101,0,2.3,1893,0,0
36.86,13,2,47.26,0.78,0,43.8,59,0,0
326.29,9,4,157.03,2.078,1,2.4,485,0,0
41.81,17,4,20.45,2.045,0,11.1,1533,0,0
110.5,7,2,122.08,0.905,0,0.7,81,0,0
267.55,19,3,345.14,0.775,0,2.8,204,0,0
201.33,9,6,180.15,1.118,1,6.6,937,0,0
39.79,12,2,50.49,0.788,0,0.7,1150,0,0
23.68,11,3,31.71,0.747,0,26.5,1157,0,0
25.46,14,4,29.85,0.853,0,11.0,504,0,0
97.59,9,3,67.28,1.451,0,5.2,1406,0,0
90.57,9,2,62.79,1.442,0,67.5,1748,1,0
140.35,12,2,203.16,0.691,0,6.7,50,0,0
2149.51,1,13,45.31,47.435,1,2892.8,44,5,1
42.88,5,2,31.52,1.36,0,1.1,1872,0,0
8.01,17,3,10.0,0.801,0,1.8,1322,0,0
29.8,10,2,29.92,0.996,0,48.9,1378,0,0
552.84,6,10,174.15,3.175,0,1814.7,65,4,1
11.33,8,2,10.0,1.133,0,10.3,1856,0,0
265.24,15,2,208.21,1.274,0,18.6,1538,0,0
67.83,8,2,62.36,1.088,1,8.3,841,0,0
21.29,16,6,24.68,0.863,0,4.9,1408,1,0
114.88,7,1,122.05,0.941,0,10.7,1884,0,0
189.37,18,3,269.18,0.703,0,19.7,1628,0,0
39.47,17,4,48.71,0.81,0,7.8,420,0,0
105.04,9,3,88.91,1.181,0,28.2,35,0,0
87.33,19,4,72.37,1.207,0,6.2,61,0,0
14.32,15,5,10.0,1.432,0,9.0,1935,0,0
128.44,14,3,152.3,0.843,0,6.8,1317,0,0
21.29,21,4,21.39,0.995,0,8.8,310,0,0
87.07,14,5,71.18,1.223,0,19.8,1681,0,0
1826.99,20,8,21.0,86.999,0,840.0,13,2,1
136.03,13,3,95.86,1.419,0,7.3,1929,0,0
17.95,10,2,22.03,0.815,0,37.3,175,2,0
9.11,20,4,10.0,0.911,0,24.3,774,0,0
32.0,16,3,31.64,1.011,0,15.1,1066,1,0
96.53,10,2,118.16,0.817,0,1.2,1162,0,0
443.86,15,2,345.35,1.285,0,27.7,628,0,0
105.34,5,3,106.11,0.993,0,7.1,764,0,0
16.48,18,2,12.86,1.282,0,3.5,743,0,0
114.66,3,1,137.64,0.833,0,58.6,1758,0,0
38.5,10,2,30.77,1.251,0,4.3,733,0,0
58.11,7,3,45.78,1.27,0,36.6,699,0,0
11.54,4,1,11.57,0.998,0,10.5,115,0,0
24.34,2,3,32.15,0.757,0,26.9,1612,0,0
233.09,12,2,199.34,1.169,0,20.3,1328,0,0
155.35,18,2,220.75,0.704,0,1.1,458,0,0
287.94,16,5,398.28,0.723,0,3.6,141,0,0
50.01,12,5,59.14,0.846,1,5.9,1357,0,0
16.92,7,4,13.08,1.293,0,29.3,663,0,0
39.79,12,5,33.17,1.199,0,50.1,324,0,0
125.68,9,3,174.04,0.722,0,2.4,1616,2,0
31.84,10,2,34.73,0.917,0,2.1,1949,0,0
301.47,23,9,362.21,0.832,1,2876.3,71,1,1
10.21,9,5,10.0,1.021,0,2.3,1348,0,0
303.01,20,3,260.55,1.163,0,4.3,1041,0,0
256.49,6,3,68.21,3.76,1,0.3,172,0,0
2013.95,22,6,38.22,52.692,0,8228.8,4,0,1
68.92,7,1,84.11,0.819,0,1.7,1692,0,0
162.4,7,1,195.9,0.829,0,12.5,1269,0,0
102.92,8,5,89.24,1.153,0,25.2,659,0,0
112.6,5,3,96.08,1.172,0,13.0,1873,0,0
205.26,13,2,166.54,1.233,0,0.6,1801,0,0
47.47,12,2,51.8,0.916,0,48.2,1364,1,0
5.94,6,5,10.0,0.594,0,34.4,1959,0,0
49.87,7,4,65.41,0.762,0,6.5,1653,0,0
588.16,9,11,464.2,1.267,1,1502.7,87,3,1
151.61,11,3,170.68,0.888,0,13.3,594,0,0
15.58,13,2,20.21,0.771,0,14.9,939,0,0
86.28,13,5,120.57,0.716,0,14.5,762,0,0
7.7,15,2,10.0,0.77,0,3.0,496,0,0
53.18,13,2,62.95,0.845,0,10.8,1817,0,0
312.93,8,4,310.41,1.008,0,21.7,998,0,0
18.75,7,4,14.32,1.309,0,4.1,1480,0,0
14.71,5,5,12.24,1.201,1,15.5,538,0,0
82.46,7,4,68.97,1.196,0,22.7,1801,0,0
99.17,9,2,92.38,1.074,0,4.3,1603,0,0
1515.24,6,8,326.27,4.644,1,467.9,22,0,1
134.11,12,4,139.91,0.959,0,15.4,147,0,0
8.33,7,9,10.0,0.833,0,26.9,1442,0,0
32.25,10,5,17.09,1.886,0,6.5,1635,0,0
126.77,17,5,82.28,1.541,0,18.5,1692,1,0
116.26,6,5,139.33,0.834,0,12.6,535,0,0
183.82,13,1,103.78,1.771,0,11.0,1343,0,0
33.3,15,3,18.68,1.783,0,17.4,1514,0,0
125.07,8,2,132.94,0.941,0,17.6,1304,0,0
8.96,13,1,13.32,0.673,0,2.1,1172,0,0
18.8,21,4,25.66,0.732,0,33.0,376,0,0
153.61,19,4,124.03,1.238,0,2.9,1747,0,0
247.6,13,2,228.61,1.083,0,10.1,1100,0,0
25.53,13,2,22.34,1.143,1,26.3,1293,0,0
66.93,18,5,91.28,0.733,0,8.0,403,0,0
21.78,2,4,18.98,1.148,0,0.7,1459,0,0
125.73,17,3,149.69,0.84,0,3.6,576,0,0
307.9,13,4,276.83,1.112,1,6.5,660,0,0
53.6,11,4,48.52,1.105,0,22.7,435,0,0
26.67,23,4,36.56,0.729,0,7.5,1305,0,0
21.89,10,3,21.89,1.0,1,78.4,1110,0,0
230.6,12,3,255.85,0.901,0,5.5,987,0,0
174.28,8,3,227.44,0.766,0,17.4,1671,0,0
83.2,16,1,86.1,0.966,0,12.8,1733,0,0
97.52,12,5,86.08,1.133,0,7.4,217,0,0
194.29,9,4,139.83,1.39,0,5.2,1344,0,0
66.69,9,8,78.16,0.853,1,3.0,849,2,0
9.73,7,3,15.08,0.645,0,20.9,1250,0,0
80.26,3,5,90.2,0.89,0,18.4,841,0,0
34.89,6,2,31.97,1.091,0,1.3,1664,0,0
89.53,11,3,154.23,0.58,0,45.5,908,0,0
92.84,12,3,75.29,1.233,0,9.4,1525,2,0
43.88,10,1,35.31,1.243,0,0.1,734,0,0
39.63,13,3,31.36,1.264,0,12.8,762,0,0
550.92,18,6,132.13,4.17,1,341.1,72,5,1
52.93,7,4,40.73,1.299,0,17.9,1283,0,0
63.09,19,3,58.21,1.084,0,4.6,1371,0,0
17.52,15,4,21.58,0.812,0,12.3,629,0,0
51.76,20,2,52.79,0.98,0,9.8,1831,1,0
35.59,19,1,33.84,1.052,0,3.6,295,0,0
11.06,7,3,14.38,0.769,0,4.8,1602,1,0
119.23,10,1,130.49,0.914,0,0.9,76,0,0
110.84,10,1,110.66,1.002,0,16.2,216,0,0
267.77,12,3,139.8,1.915,0,26.3,1522,0,0
48.55,17,3,65.05,0.746,0,4.1,1181,0,0
69.76,1,1,93.88,0.743,0,47.3,621,0,0
25.46,8,1,24.23,1.051,0,40.0,831,0,0
70.45,7,1,60.6,1.163,0,13.0,1904,0,0
267.77,10,2,311.6,0.859,0,6.1,1988,0,0
706.81,4,11,284.4,2.485,1,1148.8,5,4,1
362.18,0,8,244.61,1.481,1,830.0,131,5,1
251.79,16,3,362.45,0.695,0,4.5,1015,0,0
20.14,12,3,10.0,2.014,0,1.6,1651,0,0
78.33,11,3,104.45,0.75,0,2.7,133,0,0
239.13,6,5,248.15,0.964,0,12.2,1635,0,0
63.97,19,1,76.1,0.841,0,2.3,410,0,0
195.67,15,3,83.89,2.332,0,5.2,333,0,0
55.07,10,3,66.8,0.824,1,24.8,555,0,0
108.96,8,3,136.69,0.797,0,6.4,1921,0,0
151.58,19,3,158.89,0.954,0,27.8,1339,0,0
22.2,10,2,26.84,0.827,0,0.5,613,0,0
70.72,13,4,67.16,1.053,0,0.9,1592,0,0
42.94,1,7,31.78,1.351,0,23.1,1423,0,0
51.42,6,4,49.51,1.038,0,20.5,753,0,0
8.12,9,3,10.0,0.812,0,2.1,526,0,0
39.86,8,3,32.59,1.223,0,14.6,387,0,0
6.16,9,3,10.0,0.616,0,9.7,279,0,0
7.0,8,2,10.0,0.7,0,7.4,1370,0,0
334.55,15,3,448.75,0.746,0,5.8,363,0,0
199.52,18,3,232.41,0.858,0,10.8,134,0,0
56.82,10,3,28.18,2.016,0,27.8,1200,0,0
776.23,4,9,116.26,6.677,1,2641.5,11,2,1
1564.54,0,8,181.18,8.635,1,3943.7,86,3,1
100.03,15,5,120.28,0.832,0,38.1,1231,0,0
263.31,13,4,248.73,1.059,0,10.4,103,0,0
14.2,6,5,15.45,0.919,0,1.3,1059,1,0
319.26,21,7,52.25,6.111,1,314.8,52,2,1
209.07,4,10,65.4,3.197,1,366.8,104,5,1
179.03,9,2,138.42,1.293,0,7.0,380,0,0
203.62,6,3,206.79,0.985,0,56.2,362,0,0
174.12,12,2,216.15,0.806,0,11.3,184,0,0
111.03,9,3,150.94,0.736,0,14.3,370,0,0
7.02,21,3,10.0,0.702,0,10.9,275,0,0
363.4,3,10,47.95,7.578,1,1580.4,113,5,1
109.5,10,4,121.64,0.9,0,6.6,1590,0,0
64.49,10,2,44.94,1.435,0,4.0,1855,0,0
25.06,11,1,22.74,1.102,0,13.4,1047,0,0
60.07,15,2,69.24,0.868,0,14.1,1247,0,0
96.71,7,6,69.84,1.385,0,7.0,1285,0,0
123.57,17,8,105.23,1.174,0,35.6,716,0,0
15.83,11,3,18.26,0.867,0,42.8,872,0,0
79.83,10,3,68.88,1.159,0,3.7,1598,0,0
128.41,11,2,150.77,0.852,0,17.0,1293,0,0
29.04,8,3,26.96,1.077,0,17.0,1475,0,0
69.05,14,3,98.56,0.701,0,18.1,398,0,0
231.85,20,3,286.27,0.81,0,5.9,1780,1,0
8.61,14,3,12.66,0.68,0,15.7,529,0,0
238.14,11,5,242.45,0.982,0,27.2,617,0,0
63.37,11,1,78.6,0.806,0,3.1,460,0,0
26.54,13,2,20.91,1.269,0,1.7,1803,0,0
26.41,6,2,25.58,1.033,0,3.8,706,0,0
75.19,9,3,75.68,0.993,0,22.5,1900,0,0
55.18,18,2,61.93,0.891,0,19.1,798,0,0
94.34,9,3,78.54,1.201,0,4.6,1418,0,0
78.05,11,4,73.23,1.066,0,8.0,1404,0,0
682.66,23,8,83.5,8.176,1,2954.5,1,5,1
191.95,5,3,236.06,0.813,0,12.8,513,0,0
94.05,12,2,120.89,0.778,0,4.8,1405,0,0
55.42,10,4,47.61,1.164,1,7.3,568,0,0
87.35,8,3,103.08,0.847,0,5.4,1451,0,0
2008.59,9,15,50.15,40.055,1,525.9,20,4,1
32.2,8,1,30.06,1.071,0,1.7,1772,0,0
8.45,15,3,10.0,0.845,0,14.5,349,0,0
51.09,7,3,55.0,0.929,1,58.5,1972,0,0
67.78,10,3,96.14,0.705,0,10.4,127,0,0
15.83,13,2,19.96,0.793,0,4.5,1329,0,0
18.4,14,3,12.61,1.459,0,21.4,51,0,0
17.76,16,4,16.02,1.109,0,0.6,1301,0,0
31.02,11,1,37.61,0.825,0,26.4,970,0,0
39.6,8,6,24.72,1.602,0,33.2,1366,0,0
29.74,6,2,29.69,1.002,0,11.4,1808,0,0
77.63,10,5,68.17,1.139,0,11.7,1611,0,0
37.06,9,5,27.63,1.341,0,18.0,773,0,0
15.4,14,3,11.71,1.315,0,7.2,869,2,0
38.31,17,7,39.12,0.979,0,2.2,1440,0,0
207.43,12,2,124.76,1.663,0,0.5,336,0,0
61.96,18,4,28.18,2.199,1,25.7,387,0,0
48.79,8,4,61.29,0.796,0,62.2,1897,1,0
368.62,20,4,382.1,0.965,0,3.3,1809,0,0
221.26,10,2,94.07,2.352,1,29.7,790,0,0
66.83,14,4,97.19,0.688,0,16.6,506,0,0
97.42,16,2,67.6,1.441,0,17.9,617,0,0
112.35,21,2,113.39,0.991,0,8.3,418,0,0
294.02,23,9,102.97,2.855,1,398.7,36,2,1
127.1,12,2,114.38,1.111,0,6.4,1405,0,0
51.59,6,3,21.93,2.352,0,4.1,481,0,0
19.29,22,7,18.03,1.07,0,15.3,1610,0,0
31.61,7,3,30.92,1.022,0,5.2,1313,0,0
12.02,22,5,10.0,1.202,0,7.5,1304,0,0
85.98,8,8,59.07,1.455,0,21.6,1510,0,0
24.08,8,5,24.65,0.977,0,13.3,394,0,0
63.13,13,4,50.52,1.25,0,5.1,207,0,0
30.03,13,2,32.77,0.917,0,1.5,555,0,0
12.39,6,4,12.54,0.988,0,20.7,1396,0,0
1133.92,1,7,241.94,4.687,1,1799.1,24,5,1
345.49,22,9,103.27,3.345,1,1374.1,5,2,1
49.49,8,4,59.32,0.834,0,6.4,1005,0,0
10.39,8,4,11.96,0.869,0,8.5,1335,0,0
38.41,8,4,42.72,0.899,0,23.1,1439,0,0
6.28,9,4,10.0,0.628,0,1.8,873,0,0
132.42,16,3,110.26,1.201,0,6.0,1249,0,0
173.39,10,4,234.8,0.738,0,6.3,466,0,0
24.05,16,4,14.98,1.605,0,6.0,247,0,0
33.02,5,4,15.41,2.143,0,29.8,1629,0,0
78.31,8,3,99.28,0.789,0,8.8,1259,0,0
861.95,9,8,203.22,4.241,1,1356.6,40,3,1
93.98,18,3,88.81,1.058,0,22.3,1906,0,0
99.4,14,6,69.69,1.426,0,8.8,126,0,0
42.97,17,2,34.3,1.253,0,19.9,1478,0,0
28.94,19,6,28.01,1.033,0,15.2,1898,0,0
11.83,6,3,15.15,0.78,0,9.2,1085,0,0
17.72,15,2,24.33,0.728,0,17.9,528,0,0
54.48,8,2,57.55,0.947,1,13.0,409,0,0
69.78,9,2,85.62,0.815,0,0.5,83,0,0
103.96,11,3,137.98,0.753,0,14.9,877,0,0
160.49,13,5,138.18,1.161,0,24.3,1889,0,0
19.83,16,5,13.88,1.428,0,22.5,1484,0,0
762.58,2,11,66.73,11.428,1,1194.7,93,1,1
22.04,14,3,24.3,0.907,0,14.6,1390,0,0
22.24,11,1,13.54,1.642,0,16.5,769,0,0
90.37,16,4,106.73,0.847,0,4.4,577,0,0
38.75,18,6,32.47,1.194,0,16.3,1396,0,0
27.37,13,3,45.65,0.6,0,11.1,472,0,0
400.39,10,3,266.59,1.502,0,25.8,308,0,0
76.12,16,2,54.58,1.395,0,8.1,294,0,0
38.52,7,3,29.22,1.318,0,59.0,941,0,0
28.64,6,1,40.49,0.707,0,19.1,1824,0,0
46.12,7,2,49.69,0.928,0,1.4,450,0,0
154.94,14,5,115.78,1.338,0,24.6,498,0,0
147.58,10,4,105.56,1.398,0,6.8,556,0,0
58.17,18,7,33.35,1.744,0,1.2,1245,0,0
153.74,8,2,128.09,1.2,0,28.1,642,0,0
266.96,7,1,249.93,1.068,0,12.7,553,1,0
176.25,9,4,210.05,0.839,0,2.2,1613,0,0
50.96,17,4,49.59,1.028,0,16.9,515,0,0
64.32,19,2,66.2,0.972,0,5.0,646,0,0
116.75,12,4,127.18,0.918,0,2.5,501,0,0
19.55,14,1,22.71,0.861,0,2.0,1029,0,0
77.48,6,3,66.18,1.171,0,28.0,114,0,0
70.08,10,3,35.94,1.95,0,7.5,149,0,0
138.84,20,2,144.29,0.962,0,6.5,791,0,0
92.29,8,2,109.19,0.845,0,16.4,1092,0,0
242.89,11,2,193.72,1.254,0,12.2,720,0,0
212.14,15,2,246.98,0.859,0,35.6,1290,0,0
284.77,12,4,317.73,0.896,0,47.2,222,0,0
110.35,8,2,96.51,1.143,1,1.9,578,0,0
57.08,18,3,65.92,0.866,0,35.8,661,0,0
36.52,17,5,29.47,1.239,0,0.4,1032,0,0
30.82,9,3,32.75,0.941,0,4.0,234,0,0
203.78,8,5,233.94,0.871,0,6.4,727,0,0
128.92,10,3,130.93,0.985,0,22.6,54,0,0
136.8,11,2,146.33,0.935,0,29.5,304,0,0
267.18,22,10,47.71,5.6,1,220.0,97,2,1
53.52,15,2,51.79,1.033,0,9.5,1987,0,0
141.66,7,2,142.93,0.991,0,17.5,230,0,0
16.24,7,2,14.82,1.096,0,11.4,277,0,0
157.14,8,3,220.36,0.713,0,25.0,1807,0,0
47.43,13,5,55.86,0.849,0,0.9,931,0,0
12.83,21,3,12.94,0.992,1,89.4,1256,0,0
26.31,12,4,34.08,0.772,0,7.8,978,0,0
111.2,20,2,132.92,0.837,1,38.0,831,1,0
13.38,12,2,13.1,1.021,0,8.0,1405,0,0
702.81,2,15,209.4,3.356,1,1641.1,98,4,1
81.14,17,2,83.68,0.97,0,4.4,876,0,0
44.82,14,3,33.42,1.341,0,2.8,776,0,0
202.66,2,2,204.75,0.99,0,15.8,1964,0,0
19.82,19,6,17.3,1.146,0,15.5,1634,0,0
20.4,10,3,27.1,0.753,0,2.4,477,0,0
20.03,15,2,23.91,0.838,0,7.3,755,0,0
157.03,7,5,200.49,0.783,0,4.2,273,0,0
16.56,10,3,10.0,1.656,0,10.8,1306,0,0
323.3,11,3,451.78,0.716,0,18.2,1879,0,0
8.99,6,2,10.0,0.899,0,2.1,421,0,0
197.06,14,2,175.02,1.126,0,22.6,1360,1,0
113.79,20,4,127.91,0.89,0,17.4,1598,0,0
85.8,14,2,89.8,0.956,0,12.8,1400,0,0
39.52,6,3,29.97,1.319,0,24.1,769,0,0
242.38,11,6,332.44,0.729,0,6.4,1495,0,0
1281.78,0,7,43.12,29.729,1,485.5,48,5,1
36.84,9,1,24.13,1.527,0,2.5,762,0,0
37.11,21,2,39.58,0.938,0,15.8,1727,0,0
1558.52,2,8,31.37,49.685,1,1460.2,96,2,1
13.72,3,3,15.09,0.909,0,11.4,584,0,0
31.26,13,3,25.49,1.227,0,47.0,763,0,0
120.73,15,2,110.49,1.093,0,6.6,765,0,0
152.85,10,3,175.63,0.87,0,29.7,512,0,0
178.42,12,9,164.17,1.087,0,12.8,791,0,0
59.74,0,3,62.63,0.954,0,14.3,409,0,0
2354.37,16,8,77.77,30.275,1,678.0,18,1,1
49.8,12,5,31.8,1.566,0,26.3,65,0,0
6.91,11,3,10.0,0.691,0,5.4,695,0,0
35.51,12,3,35.02,1.014,0,6.6,1479,0,0
347.3,14,8,51.89,6.693,0,261.7,56,3,1
12.33,11,5,12.67,0.973,0,7.6,1468,0,0
72.31,8,2,57.21,1.264,0,4.6,516,0,0
28.82,15,3,16.16,1.784,0,50.9,1797,0,0
54.21,12,2,68.68,0.789,0,3.8,1269,0,0
54.93,22,4,61.3,0.896,0,8.8,480,0,0
22.33,18,2,25.41,0.879,0,16.9,728,0,0
36.28,17,2,25.25,1.437,0,11.5,868,0,0
61.84,17,3,61.6,1.004,1,4.7,248,0,0
11.96,7,3,10.0,1.196,0,5.0,1257,0,0
637.94,2,10,24.24,26.322,1,586.9,117,1,1
302.76,4,9,57.33,5.281,0,2171.2,25,0,1
160.17,15,2,261.36,0.613,0,28.5,643,0,0
1022.92,5,13,272.48,3.754,1,1040.4,2,5,1
242.78,13,8,39.94,6.079,1,290.0,135,3,1
31.25,13,3,35.16,0.889,0,8.3,1685,0,0
4046.65,10,8,163.08,24.813,0,541.2,28,2,1
30.4,17,4,34.86,0.872,1,3.1,736,0,0
127.39,6,3,111.04,1.147,0,6.1,1266,0,0
192.65,12,4,172.86,1.114,0,41.5,1889,0,0
144.72,18,3,160.82,0.9,0,14.5,1917,0,0
94.41,13,2,95.71,0.986,0,4.0,1563,0,0
32.21,20,2,28.28,1.139,0,15.7,341,0,0
28.69,5,5,21.98,1.305,0,29.1,1508,0,0
2924.34,22,10,100.84,28.999,1,298.8,3,3,1
14.04,10,3,16.15,0.869,0,0.5,887,0,0
82.87,10,3,64.55,1.284,0,7.8,1319,0,0
39.91,16,2,40.41,0.988,0,12.9,358,0,0
256.46,6,3,256.25,1.001,0,42.5,975,0,0
184.3,12,3,116.66,1.58,0,47.3,679,0,0
40.88,16,5,58.1,0.704,0,10.6,1429,0,0
105.47,17,2,123.58,0.853,0,14.4,1917,0,0
128.26,7,2,167.36,0.766,0,19.7,838,0,0
9.6,17,3,11.88,0.809,0,24.2,1414,0,0
67.45,10,4,60.58,1.113,0,13.1,616,0,0
33.25,10,2,37.33,0.891,0,26.1,413,0,0
25.98,12,3,29.27,0.888,0,2.0,505,0,0
163.76,19,5,209.17,0.783,0,9.9,1347,0,0
20.61,11,6,19.42,1.061,0,1.6,1651,0,0
5.91,9,3,10.0,0.591,0,1.6,1453,0,0
302.2,12,3,301.74,1.002,0,16.2,940,0,0
284.39,23,13,161.8,1.758,1,1349.7,6,0,1
24.49,17,3,16.48,1.486,0,8.0,207,0,0
57.93,10,4,61.07,0.949,0,15.4,1356,1,0
56.66,16,3,41.21,1.375,0,5.5,364,0,0
16.87,16,3,10.0,1.687,0,6.8,425,0,0
78.03,7,2,47.52,1.642,0,15.3,155,0,0
76.76,0,4,104.38,0.735,0,5.6,1736,0,0
127.38,6,3,151.25,0.842,0,7.3,227,0,0
252.72,16,3,299.49,0.844,0,11.5,204,0,0
45.7,7,4,41.93,1.09,0,5.1,983,0,0
372.4,3,9,170.66,2.182,0,2348.4,47,3,1
120.35,11,2,113.63,1.059,0,2.3,1504,0,0
269.59,9,6,53.8,5.011,1,1403.0,8,2,1
40.52,12,1,39.68,1.021,0,2.3,1202,0,0
330.64,2,10,54.02,6.12,1,672.1,49,2,1
84.71,6,3,120.97,0.7,0,3.9,1837,0,0
159.09,4,3,190.65,0.834,0,8.8,360,0,0
211.88,11,2,357.48,0.593,0,10.8,1730,0,0
68.52,15,2,96.72,0.708,0,5.9,1640,0,0
32.54,11,1,42.96,0.757,0,3.9,1337,0,0
2223.97,17,6,135.29,16.439,1,2260.1,50,3,1
7.41,21,2,10.93,0.677,0,4.9,1792,0,0
416.17,1,11,113.03,3.682,1,2686.9,28,3,1
67.27,10,1,65.04,1.034,0,20.0,1452,0,0
37.89,18,1,37.22,1.018,0,3.7,505,0,0
39.39,12,2,36.93,1.067,0,5.2,1541,0,0
48.42,14,5,44.13,1.097,0,27.1,1828,0,0
59.88,10,2,65.24,0.918,0,16.9,947,0,0
42.2,9,5,34.52,1.222,0,19.1,1250,0,0
37.66,11,4,51.86,0.726,0,6.3,1331,0,0
357.99,4,10,284.63,1.258,1,202.2,12,2,1
85.67,15,2,71.48,1.199,0,2.1,200,0,0
44.91,15,3,44.02,1.02,0,28.2,120,0,0
36.77,16,3,38.33,0.959,0,4.2,961,0,0
18.08,19,4,19.68,0.919,0,14.8,1621,0,0
287.27,8,4,324.45,0.885,0,8.7,1830,0,0
6.93,14,3,10.0,0.693,0,52.8,1974,0,0
306.2,1,10,30.24,10.125,1,853.8,6,1,1
31.7,14,3,26.91,1.178,0,6.1,514,0,0
26.57,6,5,30.07,0.884,0,15.1,1930,0,0
40.31,16,3,19.93,2.022,1,0.1,543,0,0
33.59,8,2,39.33,0.854,0,7.8,1787,0,0
58.28,17,3,75.91,0.768,0,3.6,460,0,0
19.62,14,6,17.35,1.131,0,0.4,1648,0,0
48.99,12,3,49.47,0.99,0,33.2,1349,0,0
119.25,11,4,161.35,0.739,0,10.3,746,1,0
10.92,14,2,10.0,1.092,0,0.1,605,0,0
108.22,14,2,101.21,1.069,0,14.2,1471,0,0
6.96,13,2,10.0,0.696,0,13.8,1226,0,0
188.82,6,2,211.81,0.891,0,54.4,1795,1,0
62.11,11,2,78.5,0.791,0,37.1,1360,0,0
40.9,12,3,44.32,0.923,0,2.4,413,0,0
136.35,16,4,132.02,1.033,0,2.8,1570,0,0
77.3,13,2,80.01,0.966,0,9.1,689,0,0
68.61,15,4,51.42,1.334,0,4.5,940,0,0
70.35,9,1,64.57,1.089,0,24.7,1146,0,0
81.83,13,2,122.92,0.666,0,1.0,1224,0,0
84.85,8,3,85.73,0.99,0,53.3,394,0,0
2320.2,1,10,50.82,45.653,1,566.6,8,2,1
51.53,14,1,73.82,0.698,0,1.0,268,0,0
73.54,13,3,60.39,1.218,0,20.4,338,0,0
250.76,21,5,75.78,3.309,1,1460.6,53,2,1
71.77,17,4,93.11,0.771,0,8.3,875,0,0
46.4,14,4,42.57,1.09,1,0.4,1861,0,0
68.66,1,3,80.17,0.856,0,13.4,1291,0,0
121.94,17,1,135.97,0.897,0,13.4,1611,0,0
111.72,17,3,154.7,0.722,0,27.6,1681,2,0
11.39,19,1,13.06,0.873,0,0.5,213,0,0
24.71,15,1,25.33,0.975,0,31.8,1065,0,0
52.09,15,2,52.26,0.997,0,2.4,1860,0,0
281.89,20,9,150.82,1.869,0,1911.4,99,3,1
54.7,13,6,27.91,1.96,0,11.8,1335,0,0
16.54,11,3,15.92,1.039,0,50.2,1748,0,0
947.11,4,5,177.38,5.339,1,1053.9,13,4,1
76.38,18,4,90.87,0.841,0,1.2,1208,0,0
16.32,6,3,10.24,1.594,0,4.0,1869,0,0
201.48,12,2,133.09,1.514,0,3.8,1747,2,0
93.97,12,4,72.62,1.294,0,11.6,753,0,0
21.91,16,4,28.43,0.771,0,17.3,1483,0,0
64.33,11,4,81.83,0.786,0,9.2,939,1,0
6.99,13,1,10.0,0.699,0,6.9,72,0,0
93.45,15,2,86.56,1.08,0,41.1,1336,0,0
37.68,11,3,28.66,1.315,0,10.5,1382,0,0
6.52,13,3,10.0,0.652,0,33.3,71,0,0
2334.8,14,11,21.16,110.324,1,773.0,31,1,1
70.46,16,3,72.98,0.965,0,5.7,401,0,0
30.08,17,2,27.06,1.112,0,17.3,1479,0,0
466.24,23,5,284.66,1.638,1,277.2,54,5,1
120.51,5,2,137.47,0.877,0,36.7,249,0,0
141.98,9,1,103.48,1.372,1,30.0,467,0,0
230.3,10,4,201.44,1.143,0,4.9,644,0,0
76.19,11,3,87.56,0.87,0,11.8,970,1,0
15.51,5,4,15.08,1.028,0,1.2,1327,0,0
5.11,9,3,10.0,0.511,1,10.3,1681,0,0
103.87,11,4,99.43,1.045,0,38.7,491,0,0
75.54,12,2,46.86,1.612,0,38.7,66,0,0
45.02,11,2,37.47,1.202,0,12.2,818,0,0
102.63,15,4,71.91,1.427,1,4.0,64,0,0
25.34,12,2,25.86,0.98,0,11.7,1696,0,0
28.63,10,2,24.01,1.193,0,12.5,881,0,0
1553.87,20,10,367.19,4.232,0,1867.3,34,5,1
26.62,18,3,37.65,0.707,0,63.2,1063,0,0
81.75,9,3,37.96,2.154,0,26.6,168,0,0
68.43,8,3,60.1,1.139,0,32.9,601,1,0
8.19,1,4,10.0,0.819,0,3.7,1705,1,0
113.41,1,2,147.18,0.771,1,5.6,1643,0,0
166.22,14,5,105.4,1.577,0,0.6,1013,0,0
144.76,14,1,159.68,0.907,0,46.3,1836,0,0
132.46,11,4,148.13,0.894,0,22.3,76,0,0
85.57,8,3,115.33,0.742,0,3.0,1689,0,0
101.4,11,6,66.31,1.529,0,37.4,1663,0,0
57.5,10,3,41.33,1.391,0,27.8,1327,0,0
183.29,9,4,185.2,0.99,0,31.3,1523,0,0
20.81,7,2,17.01,1.224,0,18.2,1170,0,0
38.64,14,3,52.26,0.739,0,3.6,1244,0,0
70.06,6,2,90.81,0.771,0,15.7,1465,0,0
80.03,19,5,84.25,0.95,0,11.8,50,0,0
175.56,18,1,203.09,0.864,0,7.8,1214,0,0
444.71,18,5,117.17,3.795,1,1161.4,110,0,1
86.13,16,1,87.62,0.983,0,9.6,267,0,0
5.12,6,2,10.0,0.512,0,2.3,1945,0,0
38.49,15,1,22.13,1.739,0,24.1,691,1,0
112.81,8,1,99.69,1.132,0,0.1,1232,0,0
13.16,15,2,11.06,1.19,0,20.7,1326,0,0
33.7,17,5,27.87,1.21,0,1.6,1371,0,0
16.56,12,2,18.63,0.889,0,7.5,934,0,0
18.22,20,6,15.06,1.21,1,5.4,1262,0,0
35.63,13,3,36.8,0.968,0,30.3,1201,0,0
45.72,11,1,41.7,1.096,0,15.2,113,0,0
5.41,9,6,10.0,0.541,0,5.2,716,1,0
88.93,9,5,82.65,1.076,0,26.7,775,0,0
46.65,5,5,34.68,1.345,0,2.9,143,0,0
10.3,16,5,12.26,0.84,0,10.4,439,0,0
207.36,3,8,138.67,1.495,1,4286.8,151,4,1
23.25,21,3,28.88,0.805,0,1.9,652,0,0
1076.25,22,9,22.91,46.968,0,2636.8,79,1,1
90.49,8,6,102.77,0.881,0,5.1,972,0,0
59.38,20,4,66.85,0.888,0,3.5,422,0,0
141.58,9,3,175.96,0.805,0,1.2,1726,0,0
315.2,19,4,429.22,0.734,0,0.5,1039,0,0
1492.22,3,9,89.7,16.635,1,3500.2,65,1,1
64.55,17,3,62.13,1.039,0,9.8,50,0,0
22.22,13,3,19.81,1.122,0,28.7,863,0,0
99.83,9,3,135.56,0.736,0,2.6,870,0,0
95.96,0,4,102.31,0.938,1,1.3,713,0,0
34.15,19,5,44.68,0.764,0,6.0,815,0,0
230.76,7,3,211.98,1.089,0,0.0,679,0,0
83.98,11,2,65.9,1.274,0,4.2,1512,0,0
17.57,7,2,21.62,0.813,0,0.6,713,0,0
202.8,6,19,215.26,0.942,1,1633.6,47,2,1
158.84,12,4,157.88,1.006,0,2.0,410,0,0
221.54,12,15,223.04,0.993,1,3656.0,139,2,1
43.23,9,2,62.99,0.686,0,2.5,612,1,0
59.27,12,4,45.29,1.309,0,2.7,30,1,0
94.59,14,3,78.71,1.202,0,18.6,1081,0,0
93.05,14,3,83.49,1.115,0,39.3,1576,1,0
141.62,8,5,198.28,0.714,0,5.9,1149,0,0
15.68,18,3,23.05,0.68,0,19.6,1321,0,0
446.67,6,11,61.15,7.305,1,2874.9,28,1,1
40.29,7,5,34.21,1.178,0,21.2,1450,0,0
9.66,9,3,10.0,0.966,0,8.8,1342,0,0
145.56,16,2,142.1,1.024,0,2.0,217,0,0
147.89,19,5,137.26,1.077,0,0.5,308,0,0
23.65,17,3,19.22,1.23,1,29.5,343,0,0
2904.61,22,5,25.39,114.414,1,428.7,16,3,1
37.03,14,4,43.84,0.845,0,1.8,198,1,0
1013.59,15,9,248.14,4.085,1,1375.9,38,4,1
83.63,12,2,71.29,1.173,0,101.1,1903,0,0
9.41,15,4,12.88,0.73,0,5.0,1374,0,0
25.31,17,5,33.45,0.757,0,46.2,1691,0,0
87.84,12,3,109.59,0.802,0,5.4,309,0,0
55.74,13,5,64.45,0.865,0,16.4,1772,0,0
700.94,22,8,47.19,14.853,0,2088.4,5,0,1
388.97,0,10,76.64,5.076,1,322.6,43,2,1
19.27,11,2,17.54,1.099,0,26.2,1088,0,0
121.75,6,2,136.75,0.89,0,7.1,778,0,0
16.28,9,1,18.17,0.896,0,4.4,960,0,0
47.9,8,5,48.52,0.987,1,14.1,625,0,0
90.81,4,3,123.08,0.738,0,0.5,361,0,0
70.23,15,4,57.66,1.218,0,2.7,276,0,0
66.51,9,3,67.36,0.987,0,23.0,1561,0,0
40.36,13,5,48.75,0.828,0,13.9,738,0,0
103.92,12,1,139.21,0.746,0,30.8,962,0,0
30.41,21,3,24.45,1.244,0,5.6,115,0,0
28.36,6,6,24.48,1.158,0,33.9,463,0,0
98.91,15,3,93.52,1.058,0,27.6,183,0,0
18.71,6,2,22.97,0.814,0,33.1,581,0,0
71.02,13,4,64.05,1.109,0,5.1,1098,0,0
83.38,16,3,116.75,0.714,0,3.9,1166,0,0
20.37,14,6,20.51,0.993,0,10.0,1937,0,0
66.41,19,4,55.49,1.197,0,12.8,302,0,0
77.47,18,3,84.81,0.913,0,2.6,799,1,0
6.09,18,2,10.0,0.609,0,14.0,771,0,0
24.15,6,1,28.66,0.842,1,0.0,1551,0,0
63.1,8,1,66.91,0.943,0,0.1,495,0,0
56.53,8,2,54.17,1.044,0,11.7,1697,0,0
55.01,8,2,41.7,1.319,0,3.6,1299,1,0
1035.6,9,14,33.97,30.483,1,1177.9,47,3,1
4200.97,20,12,30.91,135.915,0,1198.1,77,3,1
158.4,9,3,133.77,1.184,0,2.0,938,0,0
78.28,23,1,87.2,0.898,0,1.9,801,0,0
61.46,6,5,45.71,1.344,0,14.6,1931,0,0
159.25,12,3,150.51,1.058,1,3.3,957,0,0
51.78,19,2,49.98,1.036,0,25.9,716,0,0
31.46,8,3,36.35,0.866,0,23.4,1620,0,0
11.21,10,5,10.0,1.121,0,6.0,702,0,0
5.01,8,2,10.0,0.501,0,2.5,539,0,0
54.63,20,2,44.4,1.231,0,25.6,140,1,0
254.48,11,3,280.19,0.908,0,29.4,1877,0,0
41.09,14,2,39.07,1.052,0,7.6,925,0,0
9.96,14,8,11.03,0.903,0,5.2,213,0,0
23.41,19,3,29.74,0.787,0,3.6,1414,0,0
32.1,20,3,22.17,1.448,0,12.8,337,0,0
206.65,10,3,211.85,0.975,0,0.2,1770,0,0
34.09,10,2,30.34,1.124,0,3.4,631,0,0
79.06,14,1,96.66,0.818,0,17.5,214,0,0
236.02,9,2,276.37,0.854,0,12.5,296,0,0
63.39,8,3,81.91,0.774,0,21.0,121,0,0
19.29,17,4,19.53,0.988,0,6.9,1680,0,0
10.69,12,1,15.68,0.682,0,7.1,991,0,0
820.02,0,5,175.19,4.681,1,2733.9,54,3,1
55.28,10,3,38.26,1.445,1,9.1,1691,0,0
31.18,11,1,15.71,1.984,0,1.6,381,0,0
55.19,17,1,72.59,0.76,0,23.9,470,0,0
37.95,14,5,40.89,0.928,1,3.8,1638,0,0
56.06,19,5,36.32,1.543,0,18.0,327,0,0
94.66,9,1,97.2,0.974,1,41.6,201,0,0
6.1,11,3,10.0,0.61,0,1.4,1859,0,0
97.52,9,2,80.96,1.205,0,8.0,434,0,0
98.29,14,1,119.14,0.825,0,8.4,1586,0,0
48.59,9,4,44.74,1.086,0,1.1,1110,0,0
55.1,8,3,48.52,1.136,1,14.7,339,0,0
295.75,9,11,180.75,1.636,1,2825.4,3,0,1
34.43,7,1,26.81,1.284,0,4.6,134,0,0
8.25,15,3,10.0,0.825,0,10.5,110,0,0
27.91,19,4,24.11,1.158,0,16.9,992,0,0
159.96,23,3,188.59,0.848,0,33.6,1985,0,0
10.07,11,3,11.09,0.908,0,9.1,1454,1,0
13.02,19,3,18.88,0.69,0,19.3,1692,0,0
39.89,13,4,58.52,0.682,1,2.6,691,0,0
192.97,16,3,223.3,0.864,0,9.9,1170,0,0
40.05,19,2,38.5,1.04,0,25.8,806,0,0
47.03,9,3,50.26,0.936,0,6.4,538,1,0
67.45,21,1,71.75,0.94,1,3.3,155,0,0
2756.23,21,6,376.58,7.319,1,2733.7,11,2,1
22.06,12,6,17.93,1.231,0,4.5,1130,0,0
33.83,17,5,31.23,1.083,0,18.5,1715,0,0
61.78,14,2,46.68,1.323,1,2.0,790,0,0
39.23,22,1,36.65,1.07,0,35.4,528,0,0
52.94,9,3,50.26,1.053,1,29.1,1095,0,0
311.84,10,10,69.3,4.5,1,3703.7,12,1,1
11.48,20,2,13.48,0.852,0,2.6,743,0,0
71.25,10,1,96.81,0.736,0,8.3,1315,0,0
51.17,10,4,43.39,1.179,0,51.0,796,0,0
104.06,7,2,86.08,1.209,0,10.2,1946,0,0
53.16,10,2,35.9,1.481,0,28.4,1528,0,0
51.11,14,4,39.8,1.284,0,6.8,815,0,0
46.39,8,3,39.79,1.166,0,0.8,299,0,0
23.17,6,3,15.28,1.517,0,34.1,1418,0,0
17.59,8,3,22.18,0.793,0,5.5,1993,0,0
70.15,1,2,69.85,1.004,0,6.9,864,0,0
32.78,15,3,45.78,0.716,0,47.4,418,0,0
23.1,12,4,24.99,0.924,0,7.4,1218,2,0
27.45,15,4,20.6,1.332,0,5.1,1405,0,0
5.86,10,2,10.0,0.586,0,21.9,1789,0,0
81.86,13,2,89.77,0.912,0,7.0,320,0,0
64.06,17,3,81.98,0.781,0,9.9,1968,0,0
82.05,12,4,66.18,1.24,1,6.9,1060,0,0
7.53,0,3,10.0,0.753,0,1.7,880,0,0
47.63,5,3,59.62,0.799,0,1.3,801,0,0
134.49,9,3,180.18,0.746,0,13.7,1165,0,0
28.34,23,2,38.87,0.729,0,37.8,1706,0,0
80.41,16,3,90.85,0.885,0,31.2,114,0,0
134.61,19,3,33.3,4.043,0,14.3,1703,0,0
99.49,10,4,86.3,1.153,0,2.0,955,0,0
131.34,18,1,138.11,0.951,1,0.0,1193,0,0
50.69,7,3,66.04,0.768,0,5.2,280,0,0
88.72,9,4,67.43,1.316,0,22.5,1753,1,0
252.5,17,2,179.56,1.406,0,0.5,1331,0,0
44.91,15,3,43.13,1.041,0,4.0,94,0,0
31.54,14,4,37.81,0.834,0,9.8,340,0,0
37.5,14,2,35.52,1.056,0,14.1,142,0,0
35.61,10,2,43.3,0.822,0,35.2,1056,1,0
21.76,12,3,28.09,0.775,0,20.7,1804,0,0
87.74,17,2,77.21,1.136,0,3.2,1323,0,0
59.9,4,5,65.02,0.921,0,18.8,289,0,0
303.43,7,6,110.52,2.746,0,3.3,1945,0,0
94.67,14,4,132.33,0.715,0,32.0,229,0,0
184.79,12,3,161.93,1.141,0,5.0,557,0,0
127.03,15,3,136.84,0.928,0,2.4,1091,0,0
29.74,0,2,28.43,1.046,0,7.3,1674,0,0
128.15,17,2,108.34,1.183,0,20.9,1732,0,0
252.25,14,2,256.4,0.984,0,7.9,295,0,0
98.9,11,1,69.38,1.425,0,6.6,1392,0,0
29.37,11,3,28.47,1.031,0,2.7,866,0,0
29.83,23,3,29.82,1.001,0,34.4,1430,0,0
72.46,6,1,106.7,0.679,1,10.7,1120,0,0
107.18,11,3,116.48,0.92,0,5.8,838,0,0
75.06,21,4,37.35,2.01,0,4.8,691,0,0
71.18,23,3,41.9,1.699,0,18.5,325,0,0
41.38,1,2,41.56,0.996,1,21.2,922,0,0
7.06,19,2,10.0,0.706,0,35.7,73,0,0
96.22,18,3,110.37,0.872,0,18.0,1540,0,0
657.59,6,13,70.84,9.282,0,1908.8,6,1,1
25.77,12,3,25.35,1.017,0,30.8,668,0,0
224.86,3,9,141.63,1.588,1,3223.5,59,5,1
37.86,6,3,35.79,1.058,0,11.7,1728,0,0
293.58,0,10,219.43,1.338,1,978.8,3,2,1
19.94,12,3,21.44,0.93,0,2.7,607,0,0
13.31,16,4,10.0,1.331,0,4.0,1941,0,0
466.33,1,7,114.62,4.069,1,2033.3,196,3,1
31.68,12,3,26.33,1.203,0,26.7,378,0,0
55.89,1,2,71.92,0.777,0,16.4,893,0,0
80.06,20,2,67.72,1.182,0,30.6,1151,0,0
59.87,14,1,61.87,0.968,0,8.0,621,0,0
42.64,16,5,39.82,1.071,0,3.1,1133,0,0
12.2,18,3,11.32,1.078,0,17.8,1585,0,0
126.71,7,3,80.99,1.564,0,26.4,1529,1,0
11.59,15,1,12.24,0.947,0,11.9,477,0,0
80.04,3,1,90.61,0.883,0,6.1,423,0,0
64.34,18,6,61.44,1.047,0,27.6,245,0,0
18.59,11,3,18.96,0.98,0,14.3,1988,0,0
36.44,9,5,38.7,0.942,0,15.7,1585,0,0
35.78,13,3,29.28,1.222,0,7.2,366,0,0
59.9,10,1,56.88,1.053,0,46.3,1362,0,0
546.56,19,3,26.75,20.434,1,250.8,83,5,1
278.48,2,8,79.34,3.51,1,1624.7,37,4,1
27.56,18,4,29.58,0.932,0,12.8,1729,0,0
106.29,10,3,127.99,0.83,0,25.6,673,0,0
17.74,7,2,12.04,1.474,0,0.1,1640,0,0
31.47,6,3,26.68,1.179,0,23.1,1609,0,0
28.72,6,3,44.64,0.643,0,7.7,966,0,0
83.45,7,3,45.03,1.853,0,41.4,1087,0,0
16.0,12,2,14.92,1.073,0,38.2,233,0,0
207.86,5,1,212.01,0.98,1,15.3,138,0,0
96.68,12,4,131.9,0.733,0,7.0,642,0,0
137.58,22,1,179.17,0.768,0,0.5,1905,0,0
257.8,22,3,336.58,0.766,0,1.3,215,0,0
17.18,5,4,11.05,1.554,0,4.1,1498,0,0
60.45,14,3,61.66,0.98,0,0.0,657,0,0
105.29,12,5,72.08,1.461,0,3.0,1467,0,0
124.89,12,4,139.71,0.894,0,0.3,246,0,0
78.54,10,2,116.33,0.675,0,27.1,1137,0,0
25.19,13,3,19.32,1.304,0,9.0,454,0,0
151.49,12,1,150.9,1.004,0,1.3,1659,0,0
79.89,14,2,68.89,1.16,0,13.9,396,0,0
13.11,8,2,16.1,0.814,0,1.7,650,0,0
26.26,20,3,20.79,1.263,0,10.2,1840,1,0
84.67,4,6,87.43,0.968,0,1.2,458,0,0
34.11,6,2,45.78,0.745,0,21.0,183,0,0
66.78,11,3,55.33,1.207,0,5.4,1606,0,0
235.82,11,2,214.69,1.098,0,32.8,111,0,0
58.89,13,3,40.7,1.447,0,24.1,369,0,0
54.91,8,6,64.21,0.855,0,6.5,688,0,0
18.88,8,3,13.88,1.36,0,5.4,1762,0,0
42.01,15,6,45.5,0.923,0,0.1,1848,0,0
13.28,8,4,14.36,0.925,0,2.2,650,0,0
102.28,12,3,51.98,1.968,0,1.9,1850,0,0
129.9,10,3,117.43,1.106,0,39.7,334,0,0
18.5,22,2,11.82,1.565,0,2.5,680,0,0
72.53,2,3,79.35,0.914,0,11.6,1226,0,0
460.66,15,12,236.47,1.948,1,283.4,15,1,1
28.98,14,4,34.9,0.83,0,23.5,1623,0,0
21.16,10,4,18.13,1.168,0,25.5,1899,0,0
126.85,18,3,130.45,0.972,0,4.2,288,0,0
20.45,20,6,12.42,1.646,0,25.4,386,0,0
54.04,16,3,32.98,1.639,0,10.7,1169,0,0
30.84,11,3,37.37,0.825,0,50.3,137,0,0
119.86,11,3,75.9,1.579,1,3.7,101,0,0
16.0,16,3,11.88,1.347,0,12.1,1163,0,0
1011.11,18,9,58.87,17.175,1,655.8,32,2,1
219.49,8,4,244.28,0.899,0,2.1,1835,0,0
139.16,1,2,223.45,0.623,0,14.4,1111,0,0
25.77,6,2,10.19,2.53,1,0.8,185,0,0
86.21,8,1,89.27,0.966,0,3.4,1499,0,0
27.81,8,2,17.55,1.585,0,6.3,253,0,0
16.92,16,1,20.55,0.824,1,20.7,542,0,0
54.7,7,2,71.87,0.761,1,12.9,1021,0,0
97.28,6,6,87.14,1.116,0,9.8,301,0,0
1868.84,18,5,58.01,32.217,1,2460.4,7,0,1
11.0,18,3,10.0,1.1,0,16.2,330,0,0
45.54,16,4,47.8,0.953,0,0.6,1841,0,0
61.26,9,4,69.79,0.878,0,19.3,289,0,0
50.98,9,2,47.47,1.074,0,22.2,358,0,0
60.44,14,5,48.95,1.235,0,12.4,335,0,0
63.82,6,2,48.22,1.324,0,12.7,456,0,0
126.68,14,1,117.42,1.079,0,18.1,1458,1,0
16.27,15,3,11.56,1.407,0,0.3,1620,0,0
163.51,13,3,218.55,0.748,0,5.1,1476,0,0
14.49,13,1,13.77,1.052,0,2.3,113,0,0
13.11,10,2,15.13,0.867,0,5.0,874,0,0
135.21,8,5,109.33,1.237,0,9.6,723,0,0
41.23,20,3,27.17,1.517,0,0.9,318,0,0
23.71,6,3,27.18,0.872,0,5.9,829,0,0
30.52,13,3,40.22,0.759,0,16.2,1168,0,0
192.8,1,2,133.95,1.439,0,30.1,1693,0,0
72.39,5,2,95.78,0.756,0,11.1,1762,0,0
5.57,16,4,10.0,0.557,0,40.5,1189,0,0
18.69,9,5,18.94,0.987,0,0.6,1654,0,0
134.14,15,5,83.77,1.601,0,2.0,1803,0,0
39.46,20,5,49.79,0.792,0,30.4,1321,0,0
153.55,22,2,54.99,2.792,1,13.3,487,0,0
45.52,15,2,59.21,0.769,0,29.3,86,0,0
280.61,20,5,44.76,6.269,1,365.3,70,2,1
32.07,13,5,30.45,1.053,0,51.2,1158,0,0
27.61,19,9,26.56,1.04,0,15.0,626,0,0
302.72,11,2,355.04,0.853,0,6.7,1024,0,0
170.72,5,2,157.4,1.085,0,25.2,886,0,0
63.98,10,3,67.01,0.955,0,15.4,134,0,0
38.0,3,2,50.36,0.755,0,44.1,1362,1,0
263.61,16,2,242.88,1.085,1,2.3,1481,0,0
30.24,7,5,34.02,0.889,0,2.6,1809,0,0
34.49,12,3,31.13,1.108,0,3.6,274,0,0
371.8,7,1,352.44,1.055,0,11.1,1259,0,0
43.19,14,2,37.31,1.158,0,19.9,700,0,0
1409.9,1,7,71.43,19.738,0,4006.1,30,5,1
19.57,17,5,21.45,0.912,0,4.8,309,0,0
101.39,8,2,109.67,0.925,0,3.5,1009,0,0
125.93,9,1,90.99,1.384,0,1.7,980,0,0
117.05,8,1,107.83,1.085,1,7.8,1912,0,0
51.91,10,4,62.09,0.836,0,25.5,1431,1,0
10.48,2,6,11.0,0.953,0,53.2,1571,0,0
